{
    "name": "root",
    "gauges": {
        "Drecon.Policy.Entropy.mean": {
            "value": -0.19460628926753998,
            "min": -0.2029869109392166,
            "max": -0.08875032514333725,
            "count": 209
        },
        "Drecon.Policy.Entropy.sum": {
            "value": -19459.65625,
            "min": -20295.037109375,
            "max": -8051.16357421875,
            "count": 209
        },
        "Drecon.Environment.EpisodeLength.mean": {
            "value": 72.83063328424153,
            "min": 71.1472081218274,
            "max": 78.16312056737588,
            "count": 209
        },
        "Drecon.Environment.EpisodeLength.sum": {
            "value": 98904.0,
            "min": 88250.0,
            "max": 99521.0,
            "count": 209
        },
        "Drecon.Step.mean": {
            "value": 21199997.0,
            "min": 399999.0,
            "max": 21199997.0,
            "count": 209
        },
        "Drecon.Step.sum": {
            "value": 21199997.0,
            "min": 399999.0,
            "max": 21199997.0,
            "count": 209
        },
        "Drecon.Policy.ExtrinsicValueEstimate.mean": {
            "value": 34.90576171875,
            "min": 33.90023422241211,
            "max": 36.62507629394531,
            "count": 209
        },
        "Drecon.Policy.ExtrinsicValueEstimate.sum": {
            "value": 132153.21875,
            "min": 117104.015625,
            "max": 137527.15625,
            "count": 209
        },
        "Drecon.Environment.CumulativeReward.mean": {
            "value": 223.44019015370395,
            "min": 214.99366542724002,
            "max": 240.8166764746321,
            "count": 209
        },
        "Drecon.Environment.CumulativeReward.sum": {
            "value": 303431.77822872996,
            "min": 260572.3224978149,
            "max": 311347.3721372187,
            "count": 209
        },
        "Drecon.Policy.ExtrinsicReward.mean": {
            "value": 223.44019015370395,
            "min": 214.99366542724002,
            "max": 240.8166764746321,
            "count": 209
        },
        "Drecon.Policy.ExtrinsicReward.sum": {
            "value": 303431.77822872996,
            "min": 260572.3224978149,
            "max": 311347.3721372187,
            "count": 209
        },
        "Drecon.Losses.PolicyLoss.mean": {
            "value": 0.016181857050105462,
            "min": 0.01406489990040427,
            "max": 0.04926180668844608,
            "count": 209
        },
        "Drecon.Losses.PolicyLoss.sum": {
            "value": 0.032363714100210925,
            "min": 0.02812979980080854,
            "max": 0.09852361337689217,
            "count": 209
        },
        "Drecon.Losses.ValueLoss.mean": {
            "value": 18.729690146446227,
            "min": 17.631420509020487,
            "max": 27.334554974238078,
            "count": 209
        },
        "Drecon.Losses.ValueLoss.sum": {
            "value": 37.459380292892455,
            "min": 35.26284101804097,
            "max": 74.06767714818318,
            "count": 209
        },
        "Drecon.Policy.LearningRate.mean": {
            "value": 0.0003000000000000001,
            "min": 0.0003000000000000001,
            "max": 0.0003000000000000001,
            "count": 209
        },
        "Drecon.Policy.LearningRate.sum": {
            "value": 0.0006000000000000002,
            "min": 0.0006000000000000002,
            "max": 0.0009000000000000002,
            "count": 209
        },
        "Drecon.Policy.Epsilon.mean": {
            "value": 0.25,
            "min": 0.25,
            "max": 0.25,
            "count": 209
        },
        "Drecon.Policy.Epsilon.sum": {
            "value": 0.5,
            "min": 0.5,
            "max": 0.75,
            "count": 209
        },
        "Drecon.Policy.Beta.mean": {
            "value": 0.005000000000000001,
            "min": 0.005000000000000001,
            "max": 0.005000000000000001,
            "count": 209
        },
        "Drecon.Policy.Beta.sum": {
            "value": 0.010000000000000002,
            "min": 0.010000000000000002,
            "max": 0.015000000000000003,
            "count": 209
        },
        "Drecon.IsTraining.mean": {
            "value": 1.0,
            "min": 1.0,
            "max": 1.0,
            "count": 209
        },
        "Drecon.IsTraining.sum": {
            "value": 1.0,
            "min": 1.0,
            "max": 1.0,
            "count": 209
        }
    },
    "metadata": {
        "timer_format_version": "0.1.0",
        "start_time_seconds": "1675845732",
        "python_version": "3.9.0 (tags/v3.9.0:9cf6752, Oct  5 2020, 15:34:40) [MSC v.1927 64 bit (AMD64)]",
        "command_line_arguments": "C:\\Users\\ali\\AppData\\Local\\Programs\\Python\\Python39\\Scripts\\mlagents-learn Assets\\config\\Drecon_low_gamma.yaml --env=Builds\\Drecon --run-id=LowGammaMoreLayers --initialize-from=MoreLayers --time-scale 1 --capture-frame-rate=0 --no-graphics --num-env=12 --resume",
        "mlagents_version": "0.28.0",
        "mlagents_envs_version": "0.28.0",
        "communication_protocol_version": "1.5.0",
        "pytorch_version": "1.7.1+cu110",
        "numpy_version": "1.23.4",
        "end_time_seconds": "1675874646"
    },
    "total": 28914.356833399997,
    "count": 1,
    "self": 10.005100199996377,
    "children": {
        "run_training.setup": {
            "total": 0.5253127000000001,
            "count": 1,
            "self": 0.5253127000000001
        },
        "TrainerController.start_learning": {
            "total": 28903.8264205,
            "count": 1,
            "self": 85.66010260016992,
            "children": {
                "TrainerController._reset_env": {
                    "total": 3.6065328,
                    "count": 1,
                    "self": 3.6065328
                },
                "TrainerController.advance": {
                    "total": 28814.509862999832,
                    "count": 7200773,
                    "self": 73.18334750086797,
                    "children": {
                        "env_step": {
                            "total": 24412.112837799377,
                            "count": 7200773,
                            "self": 9128.842512798587,
                            "children": {
                                "SubprocessEnvManager._take_step": {
                                    "total": 15221.642135895067,
                                    "count": 10514951,
                                    "self": 356.98081799724605,
                                    "children": {
                                        "TorchPolicy.evaluate": {
                                            "total": 14864.66131789782,
                                            "count": 10514951,
                                            "self": 8765.129892101148,
                                            "children": {
                                                "TorchPolicy.sample_actions": {
                                                    "total": 6099.531425796674,
                                                    "count": 10514950,
                                                    "self": 6099.531425796674
                                                }
                                            }
                                        }
                                    }
                                },
                                "workers": {
                                    "total": 61.62818910572444,
                                    "count": 7200772,
                                    "self": 0.0,
                                    "children": {
                                        "worker_root": {
                                            "total": 346619.16688944085,
                                            "count": 10514939,