{
    "name": "root",
    "gauges": {
        "Drecon.Policy.Entropy.mean": {
            "value": 0.7623530030250549,
            "min": 0.7623530030250549,
            "max": 0.8239206075668335,
            "count": 28
        },
        "Drecon.Policy.Entropy.sum": {
            "value": 76146.8671875,
            "min": 76146.8671875,
            "max": 82551.8984375,
            "count": 28
        },
        "Drecon.Environment.EpisodeLength.mean": {
            "value": 12.809997238331952,
            "min": 12.04695448023999,
            "max": 14.390675488536697,
            "count": 28
        },
        "Drecon.Environment.EpisodeLength.sum": {
            "value": 92770.0,
            "min": 92364.0,
            "max": 93525.0,
            "count": 28
        },
        "Drecon.Step.mean": {
            "value": 2799998.0,
            "min": 99997.0,
            "max": 2799998.0,
            "count": 28
        },
        "Drecon.Step.sum": {
            "value": 2799998.0,
            "min": 99997.0,
            "max": 2799998.0,
            "count": 28
        },
        "Drecon.Policy.ExtrinsicValueEstimate.mean": {
            "value": 3.873867988586426,
            "min": 3.425103187561035,
            "max": 6.213733196258545,
            "count": 28
        },
        "Drecon.Policy.ExtrinsicValueEstimate.sum": {
            "value": 29352.296875,
            "min": 27188.46875,
            "max": 43881.3828125,
            "count": 28
        },
        "Drecon.Environment.CumulativeReward.mean": {
            "value": 12.075119856057157,
            "min": 11.109845166514528,
            "max": 13.96446694699511,
            "count": 28
        },
        "Drecon.Environment.CumulativeReward.sum": {
            "value": 87435.94287770987,
            "min": 85022.03743094206,
            "max": 91064.0986123681,
            "count": 28
        },
        "Drecon.Policy.ExtrinsicReward.mean": {
            "value": 12.075119856057157,
            "min": 11.109845166514528,
            "max": 13.96446694699511,
            "count": 28
        },
        "Drecon.Policy.ExtrinsicReward.sum": {
            "value": 87435.94287770987,
            "min": 85022.03743094206,
            "max": 91064.0986123681,
            "count": 28
        },
        "Drecon.Losses.PolicyLoss.mean": {
            "value": 0.01829813988080989,
            "min": 0.015061800726915762,
            "max": 0.019528085528190787,
            "count": 28
        },
        "Drecon.Losses.PolicyLoss.sum": {
            "value": 0.054894419642429665,
            "min": 0.03075689774013881,
            "max": 0.05570670563004872,
            "count": 28
        },
        "Drecon.Losses.ValueLoss.mean": {
            "value": 10.264813341034783,
            "min": 9.180080747604372,
            "max": 35.020350488026935,
            "count": 28
        },
        "Drecon.Losses.ValueLoss.sum": {
            "value": 30.79444002310435,
            "min": 18.360161495208743,
            "max": 70.04070097605387,
            "count": 28
        },
        "Drecon.Policy.LearningRate.mean": {
            "value": 0.0003000000000000001,
            "min": 0.0003000000000000001,
            "max": 0.0003000000000000001,
            "count": 28
        },
        "Drecon.Policy.LearningRate.sum": {
            "value": 0.0009000000000000002,
            "min": 0.0006000000000000002,
            "max": 0.0009000000000000002,
            "count": 28
        },
        "Drecon.Policy.Epsilon.mean": {
            "value": 0.25,
            "min": 0.25,
            "max": 0.25,
            "count": 28
        },
        "Drecon.Policy.Epsilon.sum": {
            "value": 0.75,
            "min": 0.5,
            "max": 0.75,
            "count": 28
        },
        "Drecon.Policy.Beta.mean": {
            "value": 0.005000000000000001,
            "min": 0.005000000000000001,
            "max": 0.005000000000000001,
            "count": 28
        },
        "Drecon.Policy.Beta.sum": {
            "value": 0.015000000000000003,
            "min": 0.010000000000000002,
            "max": 0.015000000000000003,
            "count": 28
        },
        "Drecon.IsTraining.mean": {
            "value": 1.0,
            "min": 1.0,
            "max": 1.0,
            "count": 28
        },
        "Drecon.IsTraining.sum": {
            "value": 1.0,
            "min": 1.0,
            "max": 1.0,
            "count": 28
        }
    },
    "metadata": {
        "timer_format_version": "0.1.0",
        "start_time_seconds": "1675586348",
        "python_version": "3.9.0 (tags/v3.9.0:9cf6752, Oct  5 2020, 15:34:40) [MSC v.1927 64 bit (AMD64)]",
        "command_line_arguments": "C:\\Users\\ali\\AppData\\Local\\Programs\\Python\\Python39\\Scripts\\mlagents-learn Assets\\config\\Drecon_constant_lr.yaml --env=Builds\\Drecon --run-id=NonReset --time-scale 1 --capture-frame-rate=0 --no-graphics --initialize-from=V2ResetAllHopeIsLost --num-env=12 --force",
        "mlagents_version": "0.28.0",
        "mlagents_envs_version": "0.28.0",
        "communication_protocol_version": "1.5.0",
        "pytorch_version": "1.7.1+cu110",
        "numpy_version": "1.23.4",
        "end_time_seconds": "1675590554"
    },
    "total": 4205.754414999999,
    "count": 1,
    "self": 10.017801699998927,
    "children": {
        "run_training.setup": {
            "total": 0.4813326,
            "count": 1,
            "self": 0.4813326
        },
        "TrainerController.start_learning": {
            "total": 4195.2552807,
            "count": 1,
            "self": 13.9043024999919,
            "children": {
                "TrainerController._reset_env": {
                    "total": 3.5049861,
                    "count": 1,
                    "self": 3.5049861
                },
                "TrainerController.advance": {
                    "total": 4177.805334700009,
                    "count": 1006533,
                    "self": 11.306179800250902,
                    "children": {
                        "env_step": {
                            "total": 3326.9429260998318,
                            "count": 1006533,
                            "self": 1370.5210044995144,
                            "children": {
                                "SubprocessEnvManager._take_step": {
                                    "total": 1947.0209807002632,
                                    "count": 1508219,
                                    "self": 51.34040880031375,
                                    "children": {
                                        "TorchPolicy.evaluate": {
                                            "total": 1895.6805718999494,
                                            "count": 1411542,
                                            "self": 1122.5602092000036,
                                            "children": {
                                                "TorchPolicy.sample_actions": {
                                                    "total": 773.1203626999459,
                                                    "count": 1411542,
                                                    "self": 773.1203626999459
                                                }
                                            }
                                        }
                                    }
                                },
                                "workers": {
                                    "total": 9.400940900054247,
                                    "count": 1006532,
                                    "self": 0.0,
                                    "children": {
                                        "worker_root": {
                                            "total": 50281.629492396205,
                                            "count": 1508207,
                                            "is_parallel": true,