{
    "name": "root",
    "metadata": {
        "timer_format_version": "0.1.0",
        "start_time_seconds": "1675713241",
        "python_version": "3.9.0 (tags/v3.9.0:9cf6752, Oct  5 2020, 15:34:40) [MSC v.1927 64 bit (AMD64)]",
        "command_line_arguments": "C:\\Users\\ali\\AppData\\Local\\Programs\\Python\\Python39\\Scripts\\mlagents-learn Assets\\config\\Drecon_constant_lr.yaml --run-id=ignore --time-scale 1 --capture-frame-rate=0 --force",
        "mlagents_version": "0.28.0",
        "mlagents_envs_version": "0.28.0",
        "communication_protocol_version": "1.5.0",
        "pytorch_version": "1.7.1+cu110",
        "numpy_version": "1.23.4",
        "end_time_seconds": "1675713368"
    },
    "total": 126.83625210000001,
    "count": 1,
    "self": 0.002372400000012931,
    "children": {
        "run_training.setup": {
            "total": 0.054472399999999976,
            "count": 1,
            "self": 0.054472399999999976
        },
        "TrainerController.start_learning": {
            "total": 126.7794073,
            "count": 1,
            "self": 0.03013130000029207,
            "children": {
                "TrainerController._reset_env": {
                    "total": 5.9791153,
                    "count": 1,
                    "self": 5.9791153
                },
                "TrainerController.advance": {
                    "total": 120.7280747999997,
                    "count": 2773,
                    "self": 0.02436930000034465,
                    "children": {
                        "env_step": {
                            "total": 120.03783879999986,
                            "count": 2773,
                            "self": 116.26515459999976,
                            "children": {
                                "SubprocessEnvManager._take_step": {
                                    "total": 3.755494400000239,
                                    "count": 2773,
                                    "self": 0.08796060000000772,
                                    "children": {
                                        "TorchPolicy.evaluate": {
                                            "total": 3.667533800000231,
                                            "count": 2773,
                                            "self": 2.1493110999999834,
                                            "children": {
                                                "TorchPolicy.sample_actions": {
                                                    "total": 1.5182227000002477,
                                                    "count": 2773,
                                                    "self": 1.5182227000002477
                                                }
                                            }
                                        }
                                    }
                                },
                                "workers": {
                                    "total": 0.017189799999865585,
                                    "count": 2772,
                                    "self": 0.0,
                                    "children": {
                                        "worker_root": {
                                            "total": 78.38749550000007,
                                            "count": 2772,
                                            "is_parallel": true,
                                            "self": 6.42143220000024,
                                            "children": {
                                                "steps_from_proto": {
                                                    "total": 0.00017209999999945325,
                                                    "count": 1,
                                                    "is_parallel": true,
                                                    "self": 6.099999999875649e-05,
                                                    "children": {
                                                        "_process_rank_one_or_two_observation": {
                                                            "total": 0.00011110000000069675,
                                                            "count": 2,
                                                            "is_parallel": true,
                                                            "self": 0.00011110000000069675
                                                        }
                                                    }
                                                },
                                                "UnityEnvironment.step": {
                                                    "total": 71.96589119999983,
                                                    "count": 2772,
                                                    "is_parallel": true,
                                                    "self": 0.08828699999996559,
                                                    "children": {
                                                        "UnityEnvironment._generate_step_input": {
                                                            "total": 0.3126688000003286,
                                                            "count": 2772,
                                                            "is_parallel": true,
                                                            "self": 0.3126688000003286
                                                        },
                                                        "communicator.exchange": {
                                                            "total": 71.26820489999983,
                                                            "count": 2772,
                                                            "is_parallel": true,
                                                            "self": 71.26820489999983
                                                        },
                                                        "steps_from_proto": {
                                                            "total": 0.2967304999997147,
                                                            "count": 2772,
                                                            "is_parallel": true,
                                                            "self": 0.12494810000013956,
                                                            "children": {
                                                                "_process_rank_one_or_two_observation": {
                                                                    "total": 0.17178239999957512,
                                                                    "count": 5544,
                                                                    "is_parallel": true,
                                                                    "self": 0.17178239999957512
                                                                }
                                                            }
                                                        }
                                                    }
                                                }
                                            }
                                        }
                                    }
                                }
                            }
                        },
                        "trainer_advance": {
                            "total": 0.6658666999994942,
                            "count": 2772,
                            "self": 0.03599059999936749,
                            "children": {
                                "process_trajectory": {
                                    "total": 0.6298761000001267,
                                    "count": 2772,