{
    "name": "root",
    "gauges": {
        "Drecon.Policy.Entropy.mean": {
            "value": 1.0145777463912964,
            "min": 1.0145777463912964,
            "max": 1.4384351968765259,
            "count": 269
        },
        "Drecon.Policy.Entropy.sum": {
            "value": 101463.859375,
            "min": 101463.859375,
            "max": 143942.140625,
            "count": 269
        },
        "Drecon.Environment.EpisodeLength.mean": {
            "value": 16.07166012625832,
            "min": 11.113991520290734,
            "max": 18.061415220293725,
            "count": 269
        },
        "Drecon.Environment.EpisodeLength.sum": {
            "value": 94196.0,
            "min": 91746.0,
            "max": 94738.0,
            "count": 269
        },
        "Drecon.Step.mean": {
            "value": 26899997.0,
            "min": 99991.0,
            "max": 26899997.0,
            "count": 269
        },
        "Drecon.Step.sum": {
            "value": 26899997.0,
            "min": 99991.0,
            "max": 26899997.0,
            "count": 269
        },
        "Drecon.Policy.ExtrinsicValueEstimate.mean": {
            "value": 11.651354789733887,
            "min": 2.5620009899139404,
            "max": 13.506017684936523,
            "count": 269
        },
        "Drecon.Policy.ExtrinsicValueEstimate.sum": {
            "value": 73613.2578125,
            "min": 20882.869140625,
            "max": 81130.6484375,
            "count": 269
        },
        "Drecon.Environment.CumulativeReward.mean": {
            "value": 33.22155374895794,
            "min": 16.71415736788352,
            "max": 37.90741279729027,
            "count": 269
        },
        "Drecon.Environment.CumulativeReward.sum": {
            "value": 194678.30496889353,
            "min": 137072.80457401276,
            "max": 203638.62154704332,
            "count": 269
        },
        "Drecon.Policy.ExtrinsicReward.mean": {
            "value": 33.22155374895794,
            "min": 16.71415736788352,
            "max": 37.90741279729027,
            "count": 269
        },
        "Drecon.Policy.ExtrinsicReward.sum": {
            "value": 194678.30496889353,
            "min": 137072.80457401276,
            "max": 203638.62154704332,
            "count": 269
        },
        "Drecon.Losses.PolicyLoss.mean": {
            "value": 0.015349489596943992,
            "min": 0.014459256347375535,
            "max": 0.02001304213821034,
            "count": 269
        },
        "Drecon.Losses.PolicyLoss.sum": {
            "value": 0.030698979193887983,
            "min": 0.02891851269475107,
            "max": 0.05979452182776489,
            "count": 269
        },
        "Drecon.Losses.ValueLoss.mean": {
            "value": 39.797039699554446,
            "min": 19.859957742691037,
            "max": 49.192601680755615,
            "count": 269
        },
        "Drecon.Losses.ValueLoss.sum": {
            "value": 79.59407939910889,
            "min": 39.719915485382074,
            "max": 131.5592482248942,
            "count": 269
        },
        "Drecon.Policy.LearningRate.mean": {
            "value": 0.0003000000000000001,
            "min": 0.0003000000000000001,
            "max": 0.0003000000000000001,
            "count": 269
        },
        "Drecon.Policy.LearningRate.sum": {
            "value": 0.0006000000000000002,
            "min": 0.0006000000000000002,
            "max": 0.0009000000000000002,
            "count": 269
        },
        "Drecon.Policy.Epsilon.mean": {
            "value": 0.25,
            "min": 0.25,
            "max": 0.25,
            "count": 269
        },
        "Drecon.Policy.Epsilon.sum": {
            "value": 0.5,
            "min": 0.5,
            "max": 0.75,
            "count": 269
        },
        "Drecon.Policy.Beta.mean": {
            "value": 0.005000000000000001,
            "min": 0.005000000000000001,
            "max": 0.005000000000000001,
            "count": 269
        },
        "Drecon.Policy.Beta.sum": {
            "value": 0.010000000000000002,
            "min": 0.010000000000000002,
            "max": 0.015000000000000003,
            "count": 269
        },
        "Drecon.IsTraining.mean": {
            "value": 1.0,
            "min": 1.0,
            "max": 1.0,
            "count": 269
        },
        "Drecon.IsTraining.sum": {
            "value": 1.0,
            "min": 1.0,
            "max": 1.0,
            "count": 269
        }
    },
    "metadata": {
        "timer_format_version": "0.1.0",
        "start_time_seconds": "1675593059",
        "python_version": "3.9.0 (tags/v3.9.0:9cf6752, Oct  5 2020, 15:34:40) [MSC v.1927 64 bit (AMD64)]",
        "command_line_arguments": "C:\\Users\\ali\\AppData\\Local\\Programs\\Python\\Python39\\Scripts\\mlagents-learn Assets\\config\\Drecon_constant_lr.yaml --env=Builds\\Drecon --run-id=NonResetNoInit --time-scale 1 --capture-frame-rate=0 --no-graphics --num-env=12 --force",
        "mlagents_version": "0.28.0",
        "mlagents_envs_version": "0.28.0",
        "communication_protocol_version": "1.5.0",
        "pytorch_version": "1.7.1+cu110",
        "numpy_version": "1.23.4",
        "end_time_seconds": "1675634924"
    },
    "total": 41865.2744056,
    "count": 1,
    "self": 10.01625729999796,
    "children": {
        "run_training.setup": {
            "total": 0.493699,
            "count": 1,
            "self": 0.493699
        },
        "TrainerController.start_learning": {
            "total": 41854.764449300004,
            "count": 1,
            "self": 133.4006321992856,
            "children": {
                "TrainerController._reset_env": {
                    "total": 3.5630943000000004,
                    "count": 1,
                    "self": 3.5630943000000004
                },
                "TrainerController.advance": {
                    "total": 41717.73071120072,
                    "count": 10098045,
                    "self": 111.88397361069656,
                    "children": {
                        "env_step": {
                            "total": 33760.79865769386,
                            "count": 10098045,
                            "self": 14578.678522419872,
                            "children": {
                                "SubprocessEnvManager._take_step": {
                                    "total": 19090.062024287578,
                                    "count": 14343034,
                                    "self": 492.38307157738745,
                                    "children": {
                                        "TorchPolicy.evaluate": {
                                            "total": 18597.67895271019,
                                            "count": 13498909,
                                            "self": 11021.59333150622,
                                            "children": {
                                                "TorchPolicy.sample_actions": {
                                                    "total": 7576.085621203971,
                                                    "count": 13498909,
                                                    "self": 7576.085621203971
                                                }
                                            }
                                        }
                                    }
                                },
                                "workers": {
                                    "total": 92.05811098640812,
                                    "count": 10098044,
                                    "self": 0.0,
                                    "children": {
                                        "worker_root": {
                                            "total": 501938.0341713658,
                                            "count": 14343027,
                                            "is_parallel": true,