{
    "name": "root",
    "gauges": {
        "Drecon.Policy.Entropy.mean": {
            "value": 1.4110571146011353,
            "min": 1.4110571146011353,
            "max": 1.4273707866668701,
            "count": 24
        },
        "Drecon.Policy.Entropy.sum": {
            "value": 141057.734375,
            "min": 141057.734375,
            "max": 142774.1875,
            "count": 24
        },
        "Drecon.Environment.EpisodeLength.mean": {
            "value": 5.92767578801524,
            "min": 3.7618684824532167,
            "max": 6.09938946471674,
            "count": 24
        },
        "Drecon.Environment.EpisodeLength.sum": {
            "value": 85566.0,
            "min": 79003.0,
            "max": 85916.0,
            "count": 24
        },
        "Drecon.Step.mean": {
            "value": 2399997.0,
            "min": 99995.0,
            "max": 2399997.0,
            "count": 24
        },
        "Drecon.Step.sum": {
            "value": 2399997.0,
            "min": 99995.0,
            "max": 2399997.0,
            "count": 24
        },
        "Drecon.Policy.ExtrinsicValueEstimate.mean": {
            "value": 1.572434902191162,
            "min": 0.4449140727519989,
            "max": 1.7210779190063477,
            "count": 24
        },
        "Drecon.Policy.ExtrinsicValueEstimate.sum": {
            "value": 22735.8359375,
            "min": 9345.865234375,
            "max": 24402.78125,
            "count": 24
        },
        "Drecon.Environment.CumulativeReward.mean": {
            "value": 5.1074277798860575,
            "min": 2.398814505889612,
            "max": 5.387136001152303,
            "count": 24
        },
        "Drecon.Environment.CumulativeReward.sum": {
            "value": 73720.61257487535,
            "min": 50372.70580917597,
            "max": 75920.9076642394,
            "count": 24
        },
        "Drecon.Policy.ExtrinsicReward.mean": {
            "value": 5.1074277798860575,
            "min": 2.398814505889612,
            "max": 5.387136001152303,
            "count": 24
        },
        "Drecon.Policy.ExtrinsicReward.sum": {
            "value": 73720.61257487535,
            "min": 50372.70580917597,
            "max": 75920.9076642394,
            "count": 24
        },
        "Drecon.Losses.PolicyLoss.mean": {
            "value": 0.017334726072446453,
            "min": 0.014881619131362338,
            "max": 0.019189017185999545,
            "count": 24
        },
        "Drecon.Losses.PolicyLoss.sum": {
            "value": 0.03466945214489291,
            "min": 0.030537443139564857,
            "max": 0.054904630041467804,
            "count": 24
        },
        "Drecon.Losses.ValueLoss.mean": {
            "value": 8.568197751045227,
            "min": 5.64124988714854,
            "max": 11.943380689620971,
            "count": 24
        },
        "Drecon.Losses.ValueLoss.sum": {
            "value": 17.136395502090455,
            "min": 11.28249977429708,
            "max": 30.94454785982768,
            "count": 24
        },
        "Drecon.Policy.LearningRate.mean": {
            "value": 0.0003000000000000001,
            "min": 0.0003000000000000001,
            "max": 0.0003000000000000001,
            "count": 24
        },
        "Drecon.Policy.LearningRate.sum": {
            "value": 0.0006000000000000002,
            "min": 0.0006000000000000002,
            "max": 0.0009000000000000002,
            "count": 24
        },
        "Drecon.Policy.Epsilon.mean": {
            "value": 0.25,
            "min": 0.25,
            "max": 0.25,
            "count": 24
        },
        "Drecon.Policy.Epsilon.sum": {
            "value": 0.5,
            "min": 0.5,
            "max": 0.75,
            "count": 24
        },
        "Drecon.Policy.Beta.mean": {
            "value": 0.005000000000000001,
            "min": 0.005000000000000001,
            "max": 0.005000000000000001,
            "count": 24
        },
        "Drecon.Policy.Beta.sum": {
            "value": 0.010000000000000002,
            "min": 0.010000000000000002,
            "max": 0.015000000000000003,
            "count": 24
        },
        "Drecon.IsTraining.mean": {
            "value": 1.0,
            "min": 1.0,
            "max": 1.0,
            "count": 24
        },
        "Drecon.IsTraining.sum": {
            "value": 1.0,
            "min": 1.0,
            "max": 1.0,
            "count": 24
        }
    },
    "metadata": {
        "timer_format_version": "0.1.0",
        "start_time_seconds": "1675668118",
        "python_version": "3.9.0 (tags/v3.9.0:9cf6752, Oct  5 2020, 15:34:40) [MSC v.1927 64 bit (AMD64)]",
        "command_line_arguments": "C:\\Users\\ali\\AppData\\Local\\Programs\\Python\\Python39\\Scripts\\mlagents-learn Assets\\config\\Drecon_constant_lr.yaml --env=Builds\\Drecon --run-id=UpdateVelOnReset --time-scale 1 --capture-frame-rate=0 --no-graphics --num-env=12 --force",
        "mlagents_version": "0.28.0",
        "mlagents_envs_version": "0.28.0",
        "communication_protocol_version": "1.5.0",
        "pytorch_version": "1.7.1+cu110",
        "numpy_version": "1.23.4",
        "end_time_seconds": "1675672156"
    },
    "total": 4037.8089329,
    "count": 1,
    "self": 10.023318300000028,
    "children": {
        "run_training.setup": {
            "total": 0.5032143,
            "count": 1,
            "self": 0.5032143
        },
        "TrainerController.start_learning": {
            "total": 4027.2824003,
            "count": 1,
            "self": 12.746172400056821,
            "children": {
                "TrainerController._reset_env": {
                    "total": 3.6843977,
                    "count": 1,
                    "self": 3.6843977
                },
                "TrainerController.advance": {
                    "total": 4010.814400299944,
                    "count": 888495,
                    "self": 10.466579699835165,
                    "children": {
                        "env_step": {
                            "total": 2777.3116097000157,
                            "count": 888495,
                            "self": 1136.7781768000732,
                            "children": {
                                "SubprocessEnvManager._take_step": {
                                    "total": 1631.7987722000162,
                                    "count": 1437359,
                                    "self": 46.35251650000532,
                                    "children": {
                                        "TorchPolicy.evaluate": {
                                            "total": 1585.4462557000109,
                                            "count": 1245424,
                                            "self": 905.3004727000638,
                                            "children": {
                                                "TorchPolicy.sample_actions": {
                                                    "total": 680.1457829999471,
                                                    "count": 1245424,
                                                    "self": 680.1457829999471
                                                }
                                            }
                                        }
                                    }
                                },
                                "workers": {
                                    "total": 8.734660699926284,
                                    "count": 888494,
                                    "self": 0.0,
                                    "children": {
                                        "worker_root": {
                                            "total": 48265.512472698785,
                                            "count": 1437347,
                                            "is_parallel": true,