{
    "name": "root",
    "gauges": {
        "Drecon.Policy.Entropy.mean": {
            "value": 0.3460635840892792,
            "min": 0.3460635840892792,
            "max": 0.5366548895835876,
            "count": 90
        },
        "Drecon.Policy.Entropy.sum": {
            "value": 34573.13671875,
            "min": 9755.3125,
            "max": 53571.41796875,
            "count": 90
        },
        "Drecon.Step.mean": {
            "value": 43099972.0,
            "min": 34199988.0,
            "max": 43099972.0,
            "count": 90
        },
        "Drecon.Step.sum": {
            "value": 43099972.0,
            "min": 34199988.0,
            "max": 43099972.0,
            "count": 90
        },
        "Drecon.Policy.ExtrinsicValueEstimate.mean": {
            "value": 24.179643630981445,
            "min": 17.00748062133789,
            "max": 26.62778091430664,
            "count": 90
        },
        "Drecon.Policy.ExtrinsicValueEstimate.sum": {
            "value": 96404.2421875,
            "min": 15085.9765625,
            "max": 104567.296875,
            "count": 90
        },
        "Drecon.Environment.EpisodeLength.mean": {
            "value": 48.93903048475762,
            "min": 42.649825783972126,
            "max": 57.81818181818182,
            "count": 90
        },
        "Drecon.Environment.EpisodeLength.sum": {
            "value": 97927.0,
            "min": 16906.0,
            "max": 99281.0,
            "count": 90
        },
        "Drecon.Environment.CumulativeReward.mean": {
            "value": 50.53906926760698,
            "min": 41.33465496801126,
            "max": 60.33625370019685,
            "count": 90
        },
        "Drecon.Environment.CumulativeReward.sum": {
            "value": 101128.67760448158,
            "min": 17101.73744687438,
            "max": 106313.78815281391,
            "count": 90
        },
        "Drecon.Policy.ExtrinsicReward.mean": {
            "value": 50.53906926760698,
            "min": 41.33465496801126,
            "max": 60.33625370019685,
            "count": 90
        },
        "Drecon.Policy.ExtrinsicReward.sum": {
            "value": 101128.67760448158,
            "min": 17101.73744687438,
            "max": 106313.78815281391,
            "count": 90
        },
        "Drecon.IsTraining.mean": {
            "value": 1.0,
            "min": 1.0,
            "max": 1.0,
            "count": 90
        },
        "Drecon.IsTraining.sum": {
            "value": 1.0,
            "min": 1.0,
            "max": 1.0,
            "count": 90
        },
        "Drecon.Losses.PolicyLoss.mean": {
            "value": 0.017191839198737097,
            "min": 0.015012644597320308,
            "max": 0.019441950445373855,
            "count": 89
        },
        "Drecon.Losses.PolicyLoss.sum": {
            "value": 0.03438367839747419,
            "min": 0.030352680188176842,
            "max": 0.055704055651100745,
            "count": 89
        },
        "Drecon.Losses.ValueLoss.mean": {
            "value": 48.690401776631674,
            "min": 36.38484816551208,
            "max": 56.05224008560181,
            "count": 89
        },
        "Drecon.Losses.ValueLoss.sum": {
            "value": 97.38080355326335,
            "min": 72.76969633102416,
            "max": 153.34645799001058,
            "count": 89
        },
        "Drecon.Policy.LearningRate.mean": {
            "value": 0.0003000000000000001,
            "min": 0.0003000000000000001,
            "max": 0.0003000000000000001,
            "count": 89
        },
        "Drecon.Policy.LearningRate.sum": {
            "value": 0.0006000000000000002,
            "min": 0.0006000000000000002,
            "max": 0.0009000000000000002,
            "count": 89
        },
        "Drecon.Policy.Epsilon.mean": {
            "value": 0.25,
            "min": 0.25,
            "max": 0.25,
            "count": 89
        },
        "Drecon.Policy.Epsilon.sum": {
            "value": 0.5,
            "min": 0.5,
            "max": 0.75,
            "count": 89
        },
        "Drecon.Policy.Beta.mean": {
            "value": 0.005000000000000001,
            "min": 0.005000000000000001,
            "max": 0.005000000000000001,
            "count": 89
        },
        "Drecon.Policy.Beta.sum": {
            "value": 0.010000000000000002,
            "min": 0.010000000000000002,
            "max": 0.015000000000000003,
            "count": 89
        }
    },
    "metadata": {
        "timer_format_version": "0.1.0",
        "start_time_seconds": "1675786234",
        "python_version": "3.9.0 (tags/v3.9.0:9cf6752, Oct  5 2020, 15:34:40) [MSC v.1927 64 bit (AMD64)]",
        "command_line_arguments": "C:\\Users\\ali\\AppData\\Local\\Programs\\Python\\Python39\\Scripts\\mlagents-learn Assets\\config\\Drecon_more_layers.yaml --env=Builds\\Drecon --run-id=NoResetMoreLayers --time-scale 1 --capture-frame-rate=0 --no-graphics --num-env=12 --resume",
        "mlagents_version": "0.28.0",
        "mlagents_envs_version": "0.28.0",
        "communication_protocol_version": "1.5.0",
        "pytorch_version": "1.7.1+cu110",
        "numpy_version": "1.23.4",
        "end_time_seconds": "1675794039"
    },
    "total": 7804.980551000001,
    "count": 1,
    "self": 10.015574000000925,
    "children": {
        "run_training.setup": {
            "total": 0.4957327,
            "count": 1,
            "self": 0.4957327
        },
        "TrainerController.start_learning": {
            "total": 7794.469244299999,
            "count": 1,
            "self": 25.882456901088517,
            "children": {
                "TrainerController._reset_env": {
                    "total": 5.622389500000001,
                    "count": 1,
                    "self": 5.622389500000001
                },
                "TrainerController.advance": {
                    "total": 7762.91692789891,
                    "count": 1925939,
                    "self": 19.512411598632752,
                    "children": {
                        "env_step": {
                            "total": 6120.046802999967,
                            "count": 1925939,
                            "self": 1274.7069782988674,
                            "children": {
                                "SubprocessEnvManager._take_step": {
                                    "total": 4825.509812901312,
                                    "count": 4504266,
                                    "self": 138.89246310112503,
                                    "children": {
                                        "TorchPolicy.evaluate": {
                                            "total": 4686.617349800187,
                                            "count": 4504266,
                                            "self": 2391.4277069009304,
                                            "children": {
                                                "TorchPolicy.sample_actions": {
                                                    "total": 2295.189642899257,
                                                    "count": 4504266,
                                                    "self": 2295.189642899257
                                                }
                                            }
                                        }
                                    }
                                },
                                "workers": {
                                    "total": 19.83001179978793,
                                    "count": 1925939,
                                    "self": 0.0,
                                    "children": {
                                        "worker_root": {
                                            "total": 93397.54928819713,
                                            "count": 4504258,
                                            "is_parallel": true,