{
    "name": "root",
    "gauges": {
        "Drecon.Policy.Entropy.mean": {
            "value": 0.9080660343170166,
            "min": 0.9080660343170166,
            "max": 1.427141547203064,
            "count": 148
        },
        "Drecon.Policy.Entropy.sum": {
            "value": 90852.0078125,
            "min": 90852.0078125,
            "max": 142734.78125,
            "count": 148
        },
        "Drecon.Environment.EpisodeLength.mean": {
            "value": 57.43331391962726,
            "min": 27.276944837340878,
            "max": 58.91921005385996,
            "count": 148
        },
        "Drecon.Environment.EpisodeLength.sum": {
            "value": 98613.0,
            "min": 96424.0,
            "max": 98613.0,
            "count": 148
        },
        "Drecon.Step.mean": {
            "value": 14799979.0,
            "min": 99991.0,
            "max": 14799979.0,
            "count": 148
        },
        "Drecon.Step.sum": {
            "value": 14799979.0,
            "min": 99991.0,
            "max": 14799979.0,
            "count": 148
        },
        "Drecon.Policy.ExtrinsicValueEstimate.mean": {
            "value": 38.20756149291992,
            "min": 7.806804180145264,
            "max": 38.82950210571289,
            "count": 148
        },
        "Drecon.Policy.ExtrinsicValueEstimate.sum": {
            "value": 147099.109375,
            "min": 33436.54296875,
            "max": 149105.28125,
            "count": 148
        },
        "Drecon.Environment.CumulativeReward.mean": {
            "value": 215.36395233459922,
            "min": 56.71301790130189,
            "max": 221.95256466854124,
            "count": 148
        },
        "Drecon.Environment.CumulativeReward.sum": {
            "value": 369779.90615850687,
            "min": 200480.51828110218,
            "max": 370882.73556113243,
            "count": 148
        },
        "Drecon.Policy.ExtrinsicReward.mean": {
            "value": 215.36395233459922,
            "min": 56.71301790130189,
            "max": 221.95256466854124,
            "count": 148
        },
        "Drecon.Policy.ExtrinsicReward.sum": {
            "value": 369779.90615850687,
            "min": 200480.51828110218,
            "max": 370882.73556113243,
            "count": 148
        },
        "Drecon.Losses.PolicyLoss.mean": {
            "value": 0.016933600390540152,
            "min": 0.015149463332636514,
            "max": 0.020388316543539987,
            "count": 148
        },
        "Drecon.Losses.PolicyLoss.sum": {
            "value": 0.05080080117162046,
            "min": 0.030298926665273028,
            "max": 0.058435364007073075,
            "count": 148
        },
        "Drecon.Losses.ValueLoss.mean": {
            "value": 10.273303569687736,
            "min": 9.87649799187978,
            "max": 106.9203812599182,
            "count": 148
        },
        "Drecon.Losses.ValueLoss.sum": {
            "value": 30.81991070906321,
            "min": 19.75299598375956,
            "max": 213.8407625198364,
            "count": 148
        },
        "Drecon.Policy.LearningRate.mean": {
            "value": 0.0003000000000000001,
            "min": 0.0003000000000000001,
            "max": 0.0003000000000000001,
            "count": 148
        },
        "Drecon.Policy.LearningRate.sum": {
            "value": 0.0009000000000000002,
            "min": 0.0006000000000000002,
            "max": 0.0009000000000000002,
            "count": 148
        },
        "Drecon.Policy.Epsilon.mean": {
            "value": 0.25,
            "min": 0.25,
            "max": 0.25,
            "count": 148
        },
        "Drecon.Policy.Epsilon.sum": {
            "value": 0.75,
            "min": 0.5,
            "max": 0.75,
            "count": 148
        },
        "Drecon.Policy.Beta.mean": {
            "value": 0.005000000000000001,
            "min": 0.005000000000000001,
            "max": 0.005000000000000001,
            "count": 148
        },
        "Drecon.Policy.Beta.sum": {
            "value": 0.015000000000000003,
            "min": 0.010000000000000002,
            "max": 0.015000000000000003,
            "count": 148
        },
        "Drecon.IsTraining.mean": {
            "value": 1.0,
            "min": 1.0,
            "max": 1.0,
            "count": 148
        },
        "Drecon.IsTraining.sum": {
            "value": 1.0,
            "min": 1.0,
            "max": 1.0,
            "count": 148
        }
    },
    "metadata": {
        "timer_format_version": "0.1.0",
        "start_time_seconds": "1675874708",
        "python_version": "3.9.0 (tags/v3.9.0:9cf6752, Oct  5 2020, 15:34:40) [MSC v.1927 64 bit (AMD64)]",
        "command_line_arguments": "C:\\Users\\ali\\AppData\\Local\\Programs\\Python\\Python39\\Scripts\\mlagents-learn Assets\\config\\Drecon_low_gamma.yaml --env=Builds\\Drecon --run-id=LowGammaMoreLayersV2 --time-scale 1 --capture-frame-rate=0 --no-graphics --num-env=12",
        "mlagents_version": "0.28.0",
        "mlagents_envs_version": "0.28.0",
        "communication_protocol_version": "1.5.0",
        "pytorch_version": "1.7.1+cu110",
        "numpy_version": "1.23.4",
        "end_time_seconds": "1675897078"
    },
    "total": 22369.5943109,
    "count": 1,
    "self": 10.005721400000766,
    "children": {
        "run_training.setup": {
            "total": 0.5096062999999997,
            "count": 1,
            "self": 0.5096062999999997
        },
        "TrainerController.start_learning": {
            "total": 22359.0789832,
            "count": 1,
            "self": 68.76741110170406,
            "children": {
                "TrainerController._reset_env": {
                    "total": 5.5699899,
                    "count": 1,
                    "self": 5.5699899
                },
                "TrainerController.advance": {
                    "total": 22284.684344398294,
                    "count": 4795690,
                    "self": 58.15563050096898,
                    "children": {
                        "env_step": {
                            "total": 18255.00671969873,
                            "count": 4795690,
                            "self": 6368.936153292652,
                            "children": {
                                "SubprocessEnvManager._take_step": {
                                    "total": 11837.184690905,
                                    "count": 7493334,
                                    "self": 298.523858106797,
                                    "children": {
                                        "TorchPolicy.evaluate": {
                                            "total": 11538.660832798203,
                                            "count": 7493334,
                                            "self": 5499.358538698937,
                                            "children": {
                                                "TorchPolicy.sample_actions": {
                                                    "total": 6039.302294099266,
                                                    "count": 7493334,
                                                    "self": 6039.302294099266
                                                }
                                            }
                                        }
                                    }
                                },
                                "workers": {
                                    "total": 48.88587550107624,
                                    "count": 4795690,
                                    "self": 0.0,
                                    "children": {
                                        "worker_root": {
                                            "total": 268050.52641950065,
                                            "count": 7493326,
                                            "is_parallel": true,