{
    "name": "root",
    "gauges": {
        "Drecon.Policy.Entropy.mean": {
            "value": -0.6863399147987366,
            "min": -0.6863399147987366,
            "max": -0.4572194218635559,
            "count": 59
        },
        "Drecon.Policy.Entropy.sum": {
            "value": -68664.875,
            "min": -68664.875,
            "max": -32019.990234375,
            "count": 59
        },
        "Drecon.Environment.EpisodeLength.mean": {
            "value": 31.07152020525978,
            "min": 29.049864824271552,
            "max": 33.139147476727096,
            "count": 59
        },
        "Drecon.Environment.EpisodeLength.sum": {
            "value": 96881.0,
            "min": 67637.0,
            "max": 97013.0,
            "count": 59
        },
        "Drecon.Step.mean": {
            "value": 28399963.0,
            "min": 22599973.0,
            "max": 28399963.0,
            "count": 59
        },
        "Drecon.Step.sum": {
            "value": 28399963.0,
            "min": 22599973.0,
            "max": 28399963.0,
            "count": 59
        },
        "Drecon.Policy.ExtrinsicValueEstimate.mean": {
            "value": 2.6205763816833496,
            "min": 2.4173007011413574,
            "max": 3.0931615829467773,
            "count": 59
        },
        "Drecon.Policy.ExtrinsicValueEstimate.sum": {
            "value": 8170.95703125,
            "min": 6313.142578125,
            "max": 9150.6259765625,
            "count": 59
        },
        "Drecon.Environment.CumulativeReward.mean": {
            "value": 5.929373824320175,
            "min": 5.465173289649799,
            "max": 7.024647137814877,
            "count": 59
        },
        "Drecon.Environment.CumulativeReward.sum": {
            "value": 18487.787584230304,
            "min": 14330.28016114235,
            "max": 20408.300566971302,
            "count": 59
        },
        "Drecon.Policy.ExtrinsicReward.mean": {
            "value": 5.929373824320175,
            "min": 5.465173289649799,
            "max": 7.024647137814877,
            "count": 59
        },
        "Drecon.Policy.ExtrinsicReward.sum": {
            "value": 18487.787584230304,
            "min": 14330.28016114235,
            "max": 20408.300566971302,
            "count": 59
        },
        "Drecon.Losses.PolicyLoss.mean": {
            "value": 0.026591631993978807,
            "min": 0.022835988412601486,
            "max": 0.027586087200130956,
            "count": 59
        },
        "Drecon.Losses.PolicyLoss.sum": {
            "value": 0.05318326398795761,
            "min": 0.023027507042570505,
            "max": 0.0533689606343008,
            "count": 59
        },
        "Drecon.Losses.ValueLoss.mean": {
            "value": 3.4839643597602845,
            "min": 3.403612915674845,
            "max": 5.073369468053182,
            "count": 59
        },
        "Drecon.Losses.ValueLoss.sum": {
            "value": 6.967928719520569,
            "min": 3.9566501792271933,
            "max": 9.092631406784058,
            "count": 59
        },
        "Drecon.Policy.LearningRate.mean": {
            "value": 0.0005000000000000001,
            "min": 0.0005000000000000001,
            "max": 0.0005000000000000001,
            "count": 59
        },
        "Drecon.Policy.LearningRate.sum": {
            "value": 0.0010000000000000002,
            "min": 0.0005000000000000001,
            "max": 0.0010000000000000002,
            "count": 59
        },
        "Drecon.Policy.Epsilon.mean": {
            "value": 0.19999999999999996,
            "min": 0.19999999999999996,
            "max": 0.19999999999999996,
            "count": 59
        },
        "Drecon.Policy.Epsilon.sum": {
            "value": 0.3999999999999999,
            "min": 0.19999999999999996,
            "max": 0.3999999999999999,
            "count": 59
        },
        "Drecon.Policy.Beta.mean": {
            "value": 0.005,
            "min": 0.005,
            "max": 0.005,
            "count": 59
        },
        "Drecon.Policy.Beta.sum": {
            "value": 0.01,
            "min": 0.005,
            "max": 0.01,
            "count": 59
        },
        "Drecon.IsTraining.mean": {
            "value": 1.0,
            "min": 1.0,
            "max": 1.0,
            "count": 59
        },
        "Drecon.IsTraining.sum": {
            "value": 1.0,
            "min": 1.0,
            "max": 1.0,
            "count": 59
        }
    },
    "metadata": {
        "timer_format_version": "0.1.0",
        "start_time_seconds": "1673747501",
        "python_version": "3.9.0 (tags/v3.9.0:9cf6752, Oct  5 2020, 15:34:40) [MSC v.1927 64 bit (AMD64)]",
        "command_line_arguments": "C:\\Users\\ali\\AppData\\Local\\Programs\\Python\\Python39\\Scripts\\mlagents-learn Assets\\config\\Drecon_constant_lr.yaml --env=Builds\\Drecon --run-id=HighStiffness --time-scale 1 --capture-frame-rate=0 --no-graphics --num-env=10 --resume",
        "mlagents_version": "0.28.0",
        "mlagents_envs_version": "0.28.0",
        "communication_protocol_version": "1.5.0",
        "pytorch_version": "1.7.1+cu110",
        "numpy_version": "1.23.4",
        "end_time_seconds": "1673757625"
    },
    "total": 10123.623657,
    "count": 1,
    "self": 4.8150525000000926,
    "children": {
        "run_training.setup": {
            "total": 0.3942069,
            "count": 1,
            "self": 0.3942069
        },
        "TrainerController.start_learning": {
            "total": 10118.4143976,
            "count": 1,
            "self": 30.0123236000818,
            "children": {
                "TrainerController._reset_env": {
                    "total": 4.8407160000000005,
                    "count": 1,
                    "self": 4.8407160000000005
                },
                "TrainerController.advance": {
                    "total": 10083.528384999916,
                    "count": 2316906,
                    "self": 25.906684199544543,
                    "children": {
                        "env_step": {
                            "total": 8564.251855900091,
                            "count": 2316906,
                            "self": 3709.7620432010553,
                            "children": {
                                "SubprocessEnvManager._take_step": {
                                    "total": 4834.229191300205,
                                    "count": 3125575,
                                    "self": 118.68522700097492,
                                    "children": {
                                        "TorchPolicy.evaluate": {
                                            "total": 4715.54396429923,
                                            "count": 3030311,
                                            "self": 2539.4475728993057,
                                            "children": {
                                                "TorchPolicy.sample_actions": {
                                                    "total": 2176.096391399924,
                                                    "count": 3030311,
                                                    "self": 2176.096391399924
                                                }
                                            }
                                        }
                                    }
                                },
                                "workers": {
                                    "total": 20.260621398830956,
                                    "count": 2316905,
                                    "self": 0.0,
                                    "children": {
                                        "worker_root": {
                                            "total": 101076.19121360529,
                                            "count": 3125565,
                                            "is_parallel": true,