{
    "name": "root",
    "gauges": {
        "Drecon.Policy.Entropy.mean": {
            "value": 1.5679595470428467,
            "min": 1.2905511856079102,
            "max": 1.5679595470428467,
            "count": 364
        },
        "Drecon.Policy.Entropy.sum": {
            "value": 156795.953125,
            "min": 73131.3515625,
            "max": 156795.953125,
            "count": 364
        },
        "Drecon.Step.mean": {
            "value": 51199990.0,
            "min": 14899982.0,
            "max": 51199990.0,
            "count": 364
        },
        "Drecon.Step.sum": {
            "value": 51199990.0,
            "min": 14899982.0,
            "max": 51199990.0,
            "count": 364
        },
        "Drecon.Policy.ExtrinsicValueEstimate.mean": {
            "value": 188.57510375976562,
            "min": 127.76042175292969,
            "max": 207.67730712890625,
            "count": 364
        },
        "Drecon.Policy.ExtrinsicValueEstimate.sum": {
            "value": 643606.8125,
            "min": 289832.15625,
            "max": 705272.125,
            "count": 364
        },
        "Drecon.Environment.EpisodeLength.mean": {
            "value": 159.66074313408723,
            "min": 106.68460710441335,
            "max": 178.33509700176367,
            "count": 364
        },
        "Drecon.Environment.EpisodeLength.sum": {
            "value": 98830.0,
            "min": 52829.0,
            "max": 102160.0,
            "count": 364
        },
        "Drecon.Environment.CumulativeReward.mean": {
            "value": 513.7424240956784,
            "min": 310.26142733766267,
            "max": 590.3986268373078,
            "count": 364
        },
        "Drecon.Environment.CumulativeReward.sum": {
            "value": 318006.56051522493,
            "min": 156018.61329254508,
            "max": 334756.02141675353,
            "count": 364
        },
        "Drecon.Policy.ExtrinsicReward.mean": {
            "value": 513.7424240956784,
            "min": 310.26142733766267,
            "max": 590.3986268373078,
            "count": 364
        },
        "Drecon.Policy.ExtrinsicReward.sum": {
            "value": 318006.56051522493,
            "min": 156018.61329254508,
            "max": 334756.02141675353,
            "count": 364
        },
        "Drecon.Losses.PolicyLoss.mean": {
            "value": 0.017060132327767655,
            "min": 0.014066425878975983,
            "max": 0.020385325551372565,
            "count": 364
        },
        "Drecon.Losses.PolicyLoss.sum": {
            "value": 0.05118039698330297,
            "min": 0.016356165996497415,
            "max": 0.059985942263059165,
            "count": 364
        },
        "Drecon.Losses.ValueLoss.mean": {
            "value": 907.4192135281033,
            "min": 683.2875651041666,
            "max": 1004.465148417155,
            "count": 364
        },
        "Drecon.Losses.ValueLoss.sum": {
            "value": 2722.25764058431,
            "min": 832.7336110432942,
            "max": 2963.4495808919273,
            "count": 364
        },
        "Drecon.Policy.LearningRate.mean": {
            "value": 0.0003000000000000001,
            "min": 0.0003000000000000001,
            "max": 0.0003000000000000001,
            "count": 364
        },
        "Drecon.Policy.LearningRate.sum": {
            "value": 0.0009000000000000002,
            "min": 0.0003000000000000001,
            "max": 0.0009000000000000002,
            "count": 364
        },
        "Drecon.Policy.Epsilon.mean": {
            "value": 0.19999999999999993,
            "min": 0.19999999999999993,
            "max": 0.19999999999999993,
            "count": 364
        },
        "Drecon.Policy.Epsilon.sum": {
            "value": 0.5999999999999998,
            "min": 0.19999999999999993,
            "max": 0.5999999999999998,
            "count": 364
        },
        "Drecon.Policy.Beta.mean": {
            "value": 0.005000000000000001,
            "min": 0.005000000000000001,
            "max": 0.005000000000000001,
            "count": 364
        },
        "Drecon.Policy.Beta.sum": {
            "value": 0.015000000000000003,
            "min": 0.005000000000000001,
            "max": 0.015000000000000003,
            "count": 364
        },
        "Drecon.IsTraining.mean": {
            "value": 1.0,
            "min": 1.0,
            "max": 1.0,
            "count": 364
        },
        "Drecon.IsTraining.sum": {
            "value": 1.0,
            "min": 1.0,
            "max": 1.0,
            "count": 364
        }
    },
    "metadata": {
        "timer_format_version": "0.1.0",
        "start_time_seconds": "1676846115",
        "python_version": "3.9.0 (tags/v3.9.0:9cf6752, Oct  5 2020, 15:34:40) [MSC v.1927 64 bit (AMD64)]",
        "command_line_arguments": "C:\\Users\\ali\\AppData\\Local\\Programs\\Python\\Python39\\Scripts\\mlagents-learn Assets\\config\\Drecon_more_layers.yaml --env=Builds\\Drecon --run-id=ComVelFixed --time-scale=1 --capture-frame-rate=0 --no-graphics --num-env=10 --resume",
        "mlagents_version": "0.28.0",
        "mlagents_envs_version": "0.28.0",
        "communication_protocol_version": "1.5.0",
        "pytorch_version": "1.7.1+cu110",
        "numpy_version": "1.23.4",
        "end_time_seconds": "1676906661"
    },
    "total": 60545.944369799996,
    "count": 1,
    "self": 6.279259499999171,
    "children": {
        "run_training.setup": {
            "total": 0.39042049999999995,
            "count": 1,
            "self": 0.39042049999999995
        },
        "TrainerController.start_learning": {
            "total": 60539.2746898,
            "count": 1,
            "self": 202.25202069478837,
            "children": {
                "TrainerController._reset_env": {
                    "total": 3.2798404000000003,
                    "count": 1,
                    "self": 3.2798404000000003
                },
                "TrainerController.advance": {
                    "total": 60333.69727240521,
                    "count": 13075836,
                    "self": 96.47566900965467,
                    "children": {
                        "env_step": {
                            "total": 60237.221603395556,
                            "count": 13075836,
                            "self": 23305.707343792754,
                            "children": {
                                "SubprocessEnvManager._take_step": {
                                    "total": 36815.41227059301,
                                    "count": 18278344,
                                    "self": 711.3649876021591,
                                    "children": {
                                        "TorchPolicy.evaluate": {
                                            "total": 36104.047282990854,
                                            "count": 18278344,
                                            "self": 16214.27204399815,
                                            "children": {
                                                "TorchPolicy.sample_actions": {
                                                    "total": 19889.775238992705,
                                                    "count": 18278344,
                                                    "self": 19889.775238992705
                                                }
                                            }
                                        }
                                    }
                                },
                                "workers": {
                                    "total": 116.10198900978733,
                                    "count": 13075835,
                                    "self": 0.0,
                                    "children": {
                                        "worker_root": {
                                            "total": 604937.4833252516,