{
    "name": "root",
    "gauges": {
        "Drecon.Policy.Entropy.mean": {
            "value": 1.300755500793457,
            "min": 1.300755500793457,
            "max": 1.450183629989624,
            "count": 61
        },
        "Drecon.Policy.Entropy.sum": {
            "value": 130049.53125,
            "min": 122733.6015625,
            "max": 145086.171875,
            "count": 61
        },
        "Drecon.Environment.EpisodeLength.mean": {
            "value": 16.202477206261825,
            "min": 10.827439384979302,
            "max": 16.202477206261825,
            "count": 61
        },
        "Drecon.Environment.EpisodeLength.sum": {
            "value": 94185.0,
            "min": 79212.0,
            "max": 94185.0,
            "count": 61
        },
        "Drecon.Step.mean": {
            "value": 6099985.0,
            "min": 99996.0,
            "max": 6099985.0,
            "count": 61
        },
        "Drecon.Step.sum": {
            "value": 6099985.0,
            "min": 99996.0,
            "max": 6099985.0,
            "count": 61
        },
        "Drecon.Policy.ExtrinsicValueEstimate.mean": {
            "value": 0.36385607719421387,
            "min": -0.18146930634975433,
            "max": 0.36385607719421387,
            "count": 61
        },
        "Drecon.Policy.ExtrinsicValueEstimate.sum": {
            "value": 2115.095458984375,
            "min": -1515.0872802734375,
            "max": 2136.4736328125,
            "count": 61
        },
        "Drecon.Environment.CumulativeReward.mean": {
            "value": 1.3674332961483664,
            "min": 0.19068079203606395,
            "max": 1.39497168979181,
            "count": 61
        },
        "Drecon.Environment.CumulativeReward.sum": {
            "value": 7948.889750510454,
            "min": 1591.9939327090979,
            "max": 8297.291610881686,
            "count": 61
        },
        "Drecon.Policy.ExtrinsicReward.mean": {
            "value": 1.3674332961483664,
            "min": 0.19068079203606395,
            "max": 1.39497168979181,
            "count": 61
        },
        "Drecon.Policy.ExtrinsicReward.sum": {
            "value": 7948.889750510454,
            "min": 1591.9939327090979,
            "max": 8297.291610881686,
            "count": 61
        },
        "Drecon.Losses.PolicyLoss.mean": {
            "value": 0.01925491173335306,
            "min": 0.015044834246186333,
            "max": 0.020163611222718224,
            "count": 61
        },
        "Drecon.Losses.PolicyLoss.sum": {
            "value": 0.057764735200059175,
            "min": 0.030467510116674625,
            "max": 0.0600390195955697,
            "count": 61
        },
        "Drecon.Losses.ValueLoss.mean": {
            "value": 0.489839664267169,
            "min": 0.1266462909678618,
            "max": 0.5709466419286199,
            "count": 61
        },
        "Drecon.Losses.ValueLoss.sum": {
            "value": 1.469518992801507,
            "min": 0.2532925819357236,
            "max": 1.7128399257858598,
            "count": 61
        },
        "Drecon.Policy.LearningRate.mean": {
            "value": 0.0003000000000000001,
            "min": 0.0003000000000000001,
            "max": 0.0003000000000000001,
            "count": 61
        },
        "Drecon.Policy.LearningRate.sum": {
            "value": 0.0009000000000000002,
            "min": 0.0006000000000000002,
            "max": 0.0009000000000000002,
            "count": 61
        },
        "Drecon.Policy.Epsilon.mean": {
            "value": 0.25,
            "min": 0.25,
            "max": 0.25,
            "count": 61
        },
        "Drecon.Policy.Epsilon.sum": {
            "value": 0.75,
            "min": 0.5,
            "max": 0.75,
            "count": 61
        },
        "Drecon.Policy.Beta.mean": {
            "value": 0.005000000000000001,
            "min": 0.005000000000000001,
            "max": 0.005000000000000001,
            "count": 61
        },
        "Drecon.Policy.Beta.sum": {
            "value": 0.015000000000000003,
            "min": 0.010000000000000002,
            "max": 0.015000000000000003,
            "count": 61
        },
        "Drecon.IsTraining.mean": {
            "value": 1.0,
            "min": 1.0,
            "max": 1.0,
            "count": 61
        },
        "Drecon.IsTraining.sum": {
            "value": 1.0,
            "min": 1.0,
            "max": 1.0,
            "count": 61
        }
    },
    "metadata": {
        "timer_format_version": "0.1.0",
        "start_time_seconds": "1674008620",
        "python_version": "3.9.0 (tags/v3.9.0:9cf6752, Oct  5 2020, 15:34:40) [MSC v.1927 64 bit (AMD64)]",
        "command_line_arguments": "C:\\Users\\ali\\AppData\\Local\\Programs\\Python\\Python39\\Scripts\\mlagents-learn Assets\\config\\Drecon_constant_lr.yaml --env=Builds\\Drecon --run-id=UnnormalizedActions --time-scale 1 --capture-frame-rate=0 --no-graphics --num-env=10 --resume",
        "mlagents_version": "0.28.0",
        "mlagents_envs_version": "0.28.0",
        "communication_protocol_version": "1.5.0",
        "pytorch_version": "1.7.1+cu110",
        "numpy_version": "1.23.4",
        "end_time_seconds": "1674019155"
    },
    "total": 10534.3982521,
    "count": 1,
    "self": 4.238011200000983,
    "children": {
        "run_training.setup": {
            "total": 0.3996573,
            "count": 1,
            "self": 0.3996573
        },
        "TrainerController.start_learning": {
            "total": 10529.760583599998,
            "count": 1,
            "self": 29.68775929977528,
            "children": {
                "TrainerController._reset_env": {
                    "total": 7.641762999999999,
                    "count": 1,
                    "self": 7.641762999999999
                },
                "TrainerController.advance": {
                    "total": 10492.396896500224,
                    "count": 2534504,
                    "self": 25.050087300809537,
                    "children": {
                        "env_step": {
                            "total": 8670.533081400052,
                            "count": 2534504,
                            "self": 4231.066507500311,
                            "children": {
                                "SubprocessEnvManager._take_step": {
                                    "total": 4419.45665850064,
                                    "count": 3352334,
                                    "self": 108.237362199764,
                                    "children": {
                                        "TorchPolicy.evaluate": {
                                            "total": 4311.219296300876,
                                            "count": 3153365,
                                            "self": 2458.3681037997985,
                                            "children": {
                                                "TorchPolicy.sample_actions": {
                                                    "total": 1852.8511925010773,
                                                    "count": 3153365,
                                                    "self": 1852.8511925010773
                                                }
                                            }
                                        }
                                    }
                                },
                                "workers": {
                                    "total": 20.00991539910155,
                                    "count": 2534503,
                                    "self": 0.0,
                                    "children": {
                                        "worker_root": {
                                            "total": 105178.53586319508,
                                            "count": 3352324,
                                            "is_parallel": true,