{
    "name": "root",
    "gauges": {
        "Drecon.Policy.Entropy.mean": {
            "value": 0.6510999202728271,
            "min": 0.6510999202728271,
            "max": 1.4342697858810425,
            "count": 227
        },
        "Drecon.Policy.Entropy.sum": {
            "value": 65055.30078125,
            "min": 65055.30078125,
            "max": 143583.3125,
            "count": 227
        },
        "Drecon.Environment.EpisodeLength.mean": {
            "value": 16.914531445977424,
            "min": 13.284102271104128,
            "max": 17.674136321195146,
            "count": 227
        },
        "Drecon.Environment.EpisodeLength.sum": {
            "value": 94400.0,
            "min": 93002.0,
            "max": 94645.0,
            "count": 227
        },
        "Drecon.Step.mean": {
            "value": 22699988.0,
            "min": 99979.0,
            "max": 22699988.0,
            "count": 227
        },
        "Drecon.Step.sum": {
            "value": 22699988.0,
            "min": 99979.0,
            "max": 22699988.0,
            "count": 227
        },
        "Drecon.Policy.ExtrinsicValueEstimate.mean": {
            "value": 0.45081791281700134,
            "min": 0.03870541229844093,
            "max": 0.7252897620201111,
            "count": 227
        },
        "Drecon.Policy.ExtrinsicValueEstimate.sum": {
            "value": 2516.465576171875,
            "min": 270.9765930175781,
            "max": 3912.213134765625,
            "count": 227
        },
        "Drecon.Environment.CumulativeReward.mean": {
            "value": 1.5908371412900348,
            "min": 0.5482810011566954,
            "max": 2.178295852170969,
            "count": 227
        },
        "Drecon.Environment.CumulativeReward.sum": {
            "value": 8880.052922680974,
            "min": 3838.5152890980244,
            "max": 11749.727826610208,
            "count": 227
        },
        "Drecon.Policy.ExtrinsicReward.mean": {
            "value": 1.5908371412900348,
            "min": 0.5482810011566954,
            "max": 2.178295852170969,
            "count": 227
        },
        "Drecon.Policy.ExtrinsicReward.sum": {
            "value": 8880.052922680974,
            "min": 3838.5152890980244,
            "max": 11749.727826610208,
            "count": 227
        },
        "Drecon.Losses.PolicyLoss.mean": {
            "value": 0.035532469065795644,
            "min": 0.03233117985364515,
            "max": 0.03759642145916587,
            "count": 227
        },
        "Drecon.Losses.PolicyLoss.sum": {
            "value": 0.14212987626318258,
            "min": 0.09699353956093545,
            "max": 0.15038568583666348,
            "count": 227
        },
        "Drecon.Losses.ValueLoss.mean": {
            "value": 0.8600787179172039,
            "min": 0.42206338328619797,
            "max": 1.1126725492378076,
            "count": 227
        },
        "Drecon.Losses.ValueLoss.sum": {
            "value": 3.4403148716688157,
            "min": 1.3682828431328138,
            "max": 4.45069019695123,
            "count": 227
        },
        "Drecon.Policy.LearningRate.mean": {
            "value": 0.0005000000000000001,
            "min": 0.0005000000000000001,
            "max": 0.0005000000000000001,
            "count": 227
        },
        "Drecon.Policy.LearningRate.sum": {
            "value": 0.0020000000000000005,
            "min": 0.0015000000000000005,
            "max": 0.0020000000000000005,
            "count": 227
        },
        "Drecon.Policy.Epsilon.mean": {
            "value": 0.25,
            "min": 0.25,
            "max": 0.25,
            "count": 227
        },
        "Drecon.Policy.Epsilon.sum": {
            "value": 1.0,
            "min": 0.75,
            "max": 1.0,
            "count": 227
        },
        "Drecon.Policy.Beta.mean": {
            "value": 0.005,
            "min": 0.005,
            "max": 0.005,
            "count": 227
        },
        "Drecon.Policy.Beta.sum": {
            "value": 0.02,
            "min": 0.015,
            "max": 0.02,
            "count": 227
        },
        "Drecon.IsTraining.mean": {
            "value": 1.0,
            "min": 1.0,
            "max": 1.0,
            "count": 227
        },
        "Drecon.IsTraining.sum": {
            "value": 1.0,
            "min": 1.0,
            "max": 1.0,
            "count": 227
        }
    },
    "metadata": {
        "timer_format_version": "0.1.0",
        "start_time_seconds": "1673939445",
        "python_version": "3.9.0 (tags/v3.9.0:9cf6752, Oct  5 2020, 15:34:40) [MSC v.1927 64 bit (AMD64)]",
        "command_line_arguments": "C:\\Users\\ali\\AppData\\Local\\Programs\\Python\\Python39\\Scripts\\mlagents-learn Assets\\config\\Drecon_constant_lr.yaml --env=Builds\\Drecon --run-id=HighStiffness200ForceLimitV2 --time-scale 1 --capture-frame-rate=0 --no-graphics --num-env=10 --force",
        "mlagents_version": "0.28.0",
        "mlagents_envs_version": "0.28.0",
        "communication_protocol_version": "1.5.0",
        "pytorch_version": "1.7.1+cu110",
        "numpy_version": "1.23.4",
        "end_time_seconds": "1673978477"
    },
    "total": 39031.9011587,
    "count": 1,
    "self": 4.291095299995504,
    "children": {
        "run_training.setup": {
            "total": 0.40027729999999995,
            "count": 1,
            "self": 0.40027729999999995
        },
        "TrainerController.start_learning": {
            "total": 39027.2097861,
            "count": 1,
            "self": 103.59063409943337,
            "children": {
                "TrainerController._reset_env": {
                    "total": 7.294341800000001,
                    "count": 1,
                    "self": 7.294341800000001
                },
                "TrainerController.advance": {
                    "total": 38916.28753960056,
                    "count": 10241912,
                    "self": 88.33194679575536,
                    "children": {
                        "env_step": {
                            "total": 34056.420647310246,
                            "count": 10241912,
                            "self": 18796.54276901678,
                            "children": {
                                "SubprocessEnvManager._take_step": {
                                    "total": 15194.084256301772,
                                    "count": 12327550,
                                    "self": 346.11334119741696,
                                    "children": {
                                        "TorchPolicy.evaluate": {
                                            "total": 14847.970915104355,
                                            "count": 11695938,
                                            "self": 10209.440848104334,
                                            "children": {
                                                "TorchPolicy.sample_actions": {
                                                    "total": 4638.5300670000215,
                                                    "count": 11695937,
                                                    "self": 4638.5300670000215
                                                }
                                            }
                                        }
                                    }
                                },
                                "workers": {
                                    "total": 65.79362199169186,
                                    "count": 10241911,
                                    "self": 0.0,
                                    "children": {
                                        "worker_root": {
                                            "total": 390023.64405872615,
                                            "count": 12327540,
                                            "is_parallel": true,