{
    "name": "root",
    "metadata": {
        "timer_format_version": "0.1.0",
        "start_time_seconds": "1674032224",
        "python_version": "3.9.0 (tags/v3.9.0:9cf6752, Oct  5 2020, 15:34:40) [MSC v.1927 64 bit (AMD64)]",
        "command_line_arguments": "C:\\Users\\ali\\AppData\\Local\\Programs\\Python\\Python39\\Scripts\\mlagents-learn Assets\\config\\Drecon_constant_lr.yaml --run-id=ignore --time-scale 1 --capture-frame-rate=0 --force",
        "mlagents_version": "0.28.0",
        "mlagents_envs_version": "0.28.0",
        "communication_protocol_version": "1.5.0",
        "pytorch_version": "1.7.1+cu110",
        "numpy_version": "1.23.4",
        "end_time_seconds": "1674032294"
    },
    "total": 69.74424330000001,
    "count": 1,
    "self": 0.0023426000000057456,
    "children": {
        "run_training.setup": {
            "total": 0.04408439999999991,
            "count": 1,
            "self": 0.04408439999999991
        },
        "TrainerController.start_learning": {
            "total": 69.6978163,
            "count": 1,
            "self": 0.009078900000019985,
            "children": {
                "TrainerController._reset_env": {
                    "total": 7.2339652999999995,
                    "count": 1,
                    "self": 7.2339652999999995
                },
                "TrainerController.advance": {
                    "total": 62.410885999999984,
                    "count": 713,
                    "self": 0.0067151999999666145,
                    "children": {
                        "env_step": {
                            "total": 62.30285989999999,
                            "count": 713,
                            "self": 61.216685699999985,
                            "children": {
                                "SubprocessEnvManager._take_step": {
                                    "total": 1.0819304999999986,
                                    "count": 713,
                                    "self": 0.02345620000001869,
                                    "children": {
                                        "TorchPolicy.evaluate": {
                                            "total": 1.0584742999999799,
                                            "count": 669,
                                            "self": 0.35896049999996915,
                                            "children": {
                                                "TorchPolicy.sample_actions": {
                                                    "total": 0.6995138000000107,
                                                    "count": 669,
                                                    "self": 0.6995138000000107
                                                }
                                            }
                                        }
                                    }
                                },
                                "workers": {
                                    "total": 0.004243700000003514,
                                    "count": 712,
                                    "self": 0.0,
                                    "children": {
                                        "worker_root": {
                                            "total": 22.984768300000077,
                                            "count": 712,
                                            "is_parallel": true,
                                            "self": 2.22657030000007,
                                            "children": {
                                                "steps_from_proto": {
                                                    "total": 0.0002466999999999331,
                                                    "count": 1,
                                                    "is_parallel": true,
                                                    "self": 0.00010110000000018715,
                                                    "children": {
                                                        "_process_rank_one_or_two_observation": {
                                                            "total": 0.00014559999999974593,
                                                            "count": 2,
                                                            "is_parallel": true,
                                                            "self": 0.00014559999999974593
                                                        }
                                                    }
                                                },
                                                "UnityEnvironment.step": {
                                                    "total": 20.757951300000006,
                                                    "count": 712,
                                                    "is_parallel": true,
                                                    "self": 0.024758199999940445,
                                                    "children": {
                                                        "UnityEnvironment._generate_step_input": {
                                                            "total": 0.0575285999999684,
                                                            "count": 712,
                                                            "is_parallel": true,
                                                            "self": 0.0575285999999684
                                                        },
                                                        "communicator.exchange": {
                                                            "total": 20.59825740000007,
                                                            "count": 712,
                                                            "is_parallel": true,
                                                            "self": 20.59825740000007
                                                        },
                                                        "steps_from_proto": {
                                                            "total": 0.07740710000002515,
                                                            "count": 712,
                                                            "is_parallel": true,
                                                            "self": 0.0330762,
                                                            "children": {
                                                                "_process_rank_one_or_two_observation": {
                                                                    "total": 0.04433090000002515,
                                                                    "count": 1424,
                                                                    "is_parallel": true,
                                                                    "self": 0.04433090000002515
                                                                }
                                                            }
                                                        }
                                                    }
                                                }
                                            }
                                        }
                                    }
                                }
                            }
                        },
                        "trainer_advance": {
                            "total": 0.10131090000002807,
                            "count": 712,
                            "self": 0.009945300000024915,
                            "children": {
                                "process_trajectory": {
                                    "total": 0.09136560000000316,
                                    "count": 712,