{
    "name": "root",
    "metadata": {
        "timer_format_version": "0.1.0",
        "start_time_seconds": "1676792278",
        "python_version": "3.9.0 (tags/v3.9.0:9cf6752, Oct  5 2020, 15:34:40) [MSC v.1927 64 bit (AMD64)]",
        "command_line_arguments": "C:\\Users\\ali\\AppData\\Local\\Programs\\Python\\Python39\\Scripts\\mlagents-learn Assets\\config\\Drecon_low_gamma.yaml --run-id=ignore --time-scale=0 --capture-frame-rate=0 --force",
        "mlagents_version": "0.28.0",
        "mlagents_envs_version": "0.28.0",
        "communication_protocol_version": "1.5.0",
        "pytorch_version": "1.7.1+cu110",
        "numpy_version": "1.23.4",
        "end_time_seconds": "1676792361"
    },
    "total": 82.3691425,
    "count": 1,
    "self": 0.0028649999999998954,
    "children": {
        "run_training.setup": {
            "total": 0.04836789999999991,
            "count": 1,
            "self": 0.04836789999999991
        },
        "TrainerController.start_learning": {
            "total": 82.3179096,
            "count": 1,
            "self": 0.02157890000005125,
            "children": {
                "TrainerController._reset_env": {
                    "total": 9.6280026,
                    "count": 1,
                    "self": 9.6280026
                },
                "TrainerController.advance": {
                    "total": 72.62145679999993,
                    "count": 379,
                    "self": 0.003840099999806057,
                    "children": {
                        "env_step": {
                            "total": 72.61761670000013,
                            "count": 379,
                            "self": 71.36174390000019,
                            "children": {
                                "SubprocessEnvManager._take_step": {
                                    "total": 1.2523686999999004,
                                    "count": 379,
                                    "self": 0.018676699999939927,
                                    "children": {
                                        "TorchPolicy.evaluate": {
                                            "total": 1.2336919999999605,
                                            "count": 379,
                                            "self": 0.2557178999999259,
                                            "children": {
                                                "TorchPolicy.sample_actions": {
                                                    "total": 0.9779741000000346,
                                                    "count": 379,
                                                    "self": 0.9779741000000346
                                                }
                                            }
                                        }
                                    }
                                },
                                "workers": {
                                    "total": 0.0035041000000362033,
                                    "count": 378,
                                    "self": 0.0,
                                    "children": {
                                        "worker_root": {
                                            "total": 69.38910920000009,
                                            "count": 378,
                                            "is_parallel": true,
                                            "self": 2.57506560000013,
                                            "children": {
                                                "steps_from_proto": {
                                                    "total": 0.0002638000000008134,
                                                    "count": 1,
                                                    "is_parallel": true,
                                                    "self": 0.00010699999999985721,
                                                    "children": {
                                                        "_process_rank_one_or_two_observation": {
                                                            "total": 0.00015680000000095617,
                                                            "count": 2,
                                                            "is_parallel": true,
                                                            "self": 0.00015680000000095617
                                                        }
                                                    }
                                                },
                                                "UnityEnvironment.step": {
                                                    "total": 66.81377979999996,
                                                    "count": 378,
                                                    "is_parallel": true,
                                                    "self": 0.019092200000102366,
                                                    "children": {
                                                        "UnityEnvironment._generate_step_input": {
                                                            "total": 0.04840329999993109,
                                                            "count": 378,
                                                            "is_parallel": true,
                                                            "self": 0.04840329999993109
                                                        },
                                                        "communicator.exchange": {
                                                            "total": 66.67758269999996,
                                                            "count": 378,
                                                            "is_parallel": true,
                                                            "self": 66.67758269999996
                                                        },
                                                        "steps_from_proto": {
                                                            "total": 0.06870159999996872,
                                                            "count": 378,
                                                            "is_parallel": true,
                                                            "self": 0.03361289999984507,
                                                            "children": {
                                                                "_process_rank_one_or_two_observation": {
                                                                    "total": 0.03508870000012365,
                                                                    "count": 756,
                                                                    "is_parallel": true,
                                                                    "self": 0.03508870000012365
                                                                }
                                                            }
                                                        }
                                                    }
                                                }
                                            }
                                        }
                                    }
                                }
                            }
                        }
                    }
                },
                "trainer_threads": {
                    "total": 1.740000000438613e-05,
                    "count": 1,
                    "self": 1.740000000438613e-05,
                    "children": {
                        "thread_root": {
                            "total": 0.0,
                            "count": 0,
                            "is_parallel": true,
                            "self": 0.0,