{
    "name": "root",
    "metadata": {
        "timer_format_version": "0.1.0",
        "start_time_seconds": "1674208160",
        "python_version": "3.9.0 (tags/v3.9.0:9cf6752, Oct  5 2020, 15:34:40) [MSC v.1927 64 bit (AMD64)]",
        "command_line_arguments": "C:\\Users\\ali\\AppData\\Local\\Programs\\Python\\Python39\\Scripts\\mlagents-learn Assets\\config\\Drecon_constant_lr.yaml --run-id=ignore --force --time-scale 1 --capture-frame-rate=0",
        "mlagents_version": "0.28.0",
        "mlagents_envs_version": "0.28.0",
        "communication_protocol_version": "1.5.0",
        "pytorch_version": "1.7.1+cu110",
        "numpy_version": "1.23.4",
        "end_time_seconds": "1674208276"
    },
    "total": 116.82107389999999,
    "count": 1,
    "self": 10.00193209999999,
    "children": {
        "run_training.setup": {
            "total": 0.04329140000000009,
            "count": 1,
            "self": 0.04329140000000009
        },
        "TrainerController.start_learning": {
            "total": 106.7758504,
            "count": 1,
            "self": 0.035777799999749504,
            "children": {
                "TrainerController._reset_env": {
                    "total": 13.460854300000001,
                    "count": 1,
                    "self": 13.460854300000001
                },
                "TrainerController.advance": {
                    "total": 93.24179300000026,
                    "count": 2669,
                    "self": 0.02588190000004431,
                    "children": {
                        "env_step": {
                            "total": 92.67209430000038,
                            "count": 2669,
                            "self": 89.46688180000089,
                            "children": {
                                "SubprocessEnvManager._take_step": {
                                    "total": 3.187294599999637,
                                    "count": 2670,
                                    "self": 0.0906812999996447,
                                    "children": {
                                        "TorchPolicy.evaluate": {
                                            "total": 3.0966132999999925,
                                            "count": 2418,
                                            "self": 1.4355020000001648,
                                            "children": {
                                                "TorchPolicy.sample_actions": {
                                                    "total": 1.6611112999998277,
                                                    "count": 2418,
                                                    "self": 1.6611112999998277
                                                }
                                            }
                                        }
                                    }
                                },
                                "workers": {
                                    "total": 0.017917899999851272,
                                    "count": 2668,
                                    "self": 0.0,
                                    "children": {
                                        "worker_root": {
                                            "total": 86.89294249999968,
                                            "count": 2668,
                                            "is_parallel": true,
                                            "self": 5.842792499999717,
                                            "children": {
                                                "steps_from_proto": {
                                                    "total": 0.0003135999999992478,
                                                    "count": 2,
                                                    "is_parallel": true,
                                                    "self": 0.00011369999999910618,
                                                    "children": {
                                                        "_process_rank_one_or_two_observation": {
                                                            "total": 0.00019990000000014163,
                                                            "count": 4,
                                                            "is_parallel": true,
                                                            "self": 0.00019990000000014163
                                                        }
                                                    }
                                                },
                                                "UnityEnvironment.step": {
                                                    "total": 81.04983639999996,
                                                    "count": 2668,
                                                    "is_parallel": true,
                                                    "self": 0.10386960000002432,
                                                    "children": {
                                                        "UnityEnvironment._generate_step_input": {
                                                            "total": 0.2874382999998817,
                                                            "count": 2668,
                                                            "is_parallel": true,
                                                            "self": 0.2874382999998817
                                                        },
                                                        "communicator.exchange": {
                                                            "total": 80.33502960000017,
                                                            "count": 2668,
                                                            "is_parallel": true,
                                                            "self": 80.33502960000017
                                                        },
                                                        "steps_from_proto": {
                                                            "total": 0.3234988999998878,
                                                            "count": 2666,
                                                            "is_parallel": true,
                                                            "self": 0.13091499999969702,
                                                            "children": {
                                                                "_process_rank_one_or_two_observation": {
                                                                    "total": 0.19258390000019077,
                                                                    "count": 5332,
                                                                    "is_parallel": true,
                                                                    "self": 0.19258390000019077
                                                                }
                                                            }
                                                        }
                                                    }
                                                }
                                            }
                                        }
                                    }
                                }
                            }
                        },
                        "trainer_advance": {
                            "total": 0.5438167999998296,
                            "count": 2668,
                            "self": 0.03987300000015459,
                            "children": {
                                "process_trajectory": {
                                    "total": 0.503943799999675,
                                    "count": 2668,