{
    "name": "root",
    "gauges": {
        "Drecon.Policy.Entropy.mean": {
            "value": 1.7133045196533203,
            "min": 1.4189382791519165,
            "max": 1.7133045196533203,
            "count": 1428
        },
        "Drecon.Policy.Entropy.sum": {
            "value": 17150.177734375,
            "min": 14118.435546875,
            "max": 17248.029296875,
            "count": 1428
        },
        "Drecon.Environment.EpisodeLength.mean": {
            "value": 16.578207381370827,
            "min": 11.545796737766624,
            "max": 18.936127744510976,
            "count": 1428
        },
        "Drecon.Environment.EpisodeLength.sum": {
            "value": 9433.0,
            "min": 9202.0,
            "max": 9505.0,
            "count": 1428
        },
        "Drecon.Step.mean": {
            "value": 14279992.0,
            "min": 9997.0,
            "max": 14279992.0,
            "count": 1428
        },
        "Drecon.Step.sum": {
            "value": 14279992.0,
            "min": 9997.0,
            "max": 14279992.0,
            "count": 1428
        },
        "Drecon.Policy.ExtrinsicValueEstimate.mean": {
            "value": 0.7873585820198059,
            "min": 0.04166041687130928,
            "max": 1.3415930271148682,
            "count": 1428
        },
        "Drecon.Policy.ExtrinsicValueEstimate.sum": {
            "value": 448.00701904296875,
            "min": 25.898155212402344,
            "max": 698.969970703125,
            "count": 1428
        },
        "Drecon.Environment.CumulativeReward.mean": {
            "value": 1.7043108253400963,
            "min": 0.5247770647593384,
            "max": 3.266353347376275,
            "count": 1428
        },
        "Drecon.Environment.CumulativeReward.sum": {
            "value": 969.7528596185148,
            "min": 397.25623802281916,
            "max": 1701.7700939830393,
            "count": 1428
        },
        "Drecon.Policy.ExtrinsicReward.mean": {
            "value": 1.7043108253400963,
            "min": 0.5247770647593384,
            "max": 3.266353347376275,
            "count": 1428
        },
        "Drecon.Policy.ExtrinsicReward.sum": {
            "value": 969.7528596185148,
            "min": 397.25623802281916,
            "max": 1701.7700939830393,
            "count": 1428
        },
        "Drecon.IsTraining.mean": {
            "value": 1.0,
            "min": 1.0,
            "max": 1.0,
            "count": 1428
        },
        "Drecon.IsTraining.sum": {
            "value": 1.0,
            "min": 1.0,
            "max": 1.0,
            "count": 1428
        },
        "Drecon.Losses.PolicyLoss.mean": {
            "value": 0.007164289488476546,
            "min": 0.005334284292378773,
            "max": 0.01579548086738214,
            "count": 348
        },
        "Drecon.Losses.PolicyLoss.sum": {
            "value": 0.007164289488476546,
            "min": 0.005334284292378773,
            "max": 0.01579548086738214,
            "count": 348
        },
        "Drecon.Losses.ValueLoss.mean": {
            "value": 0.6472992300987244,
            "min": 0.3668310766418775,
            "max": 1.9628090560436249,
            "count": 348
        },
        "Drecon.Losses.ValueLoss.sum": {
            "value": 0.6472992300987244,
            "min": 0.3668310766418775,
            "max": 1.9628090560436249,
            "count": 348
        },
        "Drecon.Policy.LearningRate.mean": {
            "value": 0.0002857420117526643,
            "min": 0.0002857420117526643,
            "max": 0.00029995903701365433,
            "count": 348
        },
        "Drecon.Policy.LearningRate.sum": {
            "value": 0.0002857420117526643,
            "min": 0.0002857420117526643,
            "max": 0.00029995903701365433,
            "count": 348
        },
        "Drecon.Policy.Epsilon.mean": {
            "value": 0.19524733566666672,
            "min": 0.19524733566666672,
            "max": 0.1999863456666667,
            "count": 348
        },
        "Drecon.Policy.Epsilon.sum": {
            "value": 0.19524733566666672,
            "min": 0.19524733566666672,
            "max": 0.1999863456666667,
            "count": 348
        },
        "Drecon.Policy.Beta.mean": {
            "value": 0.004762842049766667,
            "min": 0.004762842049766667,
            "max": 0.004999318648766667,
            "count": 348
        },
        "Drecon.Policy.Beta.sum": {
            "value": 0.004762842049766667,
            "min": 0.004762842049766667,
            "max": 0.004999318648766667,
            "count": 348
        }
    },
    "metadata": {
        "timer_format_version": "0.1.0",
        "start_time_seconds": "1672137092",
        "python_version": "3.9.0 (tags/v3.9.0:9cf6752, Oct  5 2020, 15:34:40) [MSC v.1927 64 bit (AMD64)]",
        "command_line_arguments": "C:\\Users\\ali\\AppData\\Local\\Programs\\Python\\Python39\\Scripts\\mlagents-learn Assets\\config\\Drecon_clone_paper.yaml --env=Builds\\Drecon --run-id=ignore --force --time-scale 1 --capture-frame-rate=0 --width=300 --height=200 --num-env=9",
        "mlagents_version": "0.28.0",
        "mlagents_envs_version": "0.28.0",
        "communication_protocol_version": "1.5.0",
        "pytorch_version": "1.7.1+cu110",
        "numpy_version": "1.23.4",
        "end_time_seconds": "1672164486"
    },
    "total": 27393.7794507,
    "count": 1,
    "self": 4.395215999997163,
    "children": {
        "run_training.setup": {
            "total": 0.34411780000000003,
            "count": 1,
            "self": 0.34411780000000003
        },
        "TrainerController.start_learning": {
            "total": 27389.040116900003,
            "count": 1,
            "self": 72.9741896974956,
            "children": {
                "TrainerController._reset_env": {
                    "total": 6.0040208,
                    "count": 1,
                    "self": 6.0040208
                },
                "TrainerController.advance": {
                    "total": 27310.030749302507,
                    "count": 6417917,
                    "self": 57.975664504625456,
                    "children": {
                        "env_step": {
                            "total": 24198.89894489769,
                            "count": 6417917,
                            "self": 13474.799113897774,
                            "children": {
                                "SubprocessEnvManager._take_step": {
                                    "total": 10677.568055500562,
                                    "count": 7807724,
                                    "self": 228.2031364011891,
                                    "children": {
                                        "TorchPolicy.evaluate": {
                                            "total": 10449.364919099373,
                                            "count": 7384847,
                                            "self": 7378.619960599177,
                                            "children": {
                                                "TorchPolicy.sample_actions": {
                                                    "total": 3070.7449585001955,
                                                    "count": 7384847,
                                                    "self": 3070.7449585001955
                                                }
                                            }
                                        }
                                    }
                                },
                                "workers": {
                                    "total": 46.531775499353884,
                                    "count": 6417916,
                                    "self": 0.0,