{
    "name": "root",
    "metadata": {
        "timer_format_version": "0.1.0",
        "start_time_seconds": "1674637390",
        "python_version": "3.9.0 (tags/v3.9.0:9cf6752, Oct  5 2020, 15:34:40) [MSC v.1927 64 bit (AMD64)]",
        "command_line_arguments": "C:\\Users\\ali\\AppData\\Local\\Programs\\Python\\Python39\\Scripts\\mlagents-learn Assets\\config\\Drecon_constant_lr.yaml --run-id=ignore --force --time-scale 1 --capture-frame-rate=0",
        "mlagents_version": "0.28.0",
        "mlagents_envs_version": "0.28.0",
        "communication_protocol_version": "1.5.0",
        "pytorch_version": "1.7.1+cu110",
        "numpy_version": "1.23.4",
        "end_time_seconds": "1674637524"
    },
    "total": 133.6095177,
    "count": 1,
    "self": 0.002722800000015013,
    "children": {
        "run_training.setup": {
            "total": 0.041976299999999966,
            "count": 1,
            "self": 0.041976299999999966
        },
        "TrainerController.start_learning": {
            "total": 133.5648186,
            "count": 1,
            "self": 0.008846799999901123,
            "children": {
                "TrainerController._reset_env": {
                    "total": 49.3361542,
                    "count": 1,
                    "self": 49.3361542
                },
                "TrainerController.advance": {
                    "total": 84.17113270000007,
                    "count": 755,
                    "self": 0.007152800000028492,
                    "children": {
                        "env_step": {
                            "total": 84.02864780000013,
                            "count": 755,
                            "self": 83.01920819999992,
                            "children": {
                                "SubprocessEnvManager._take_step": {
                                    "total": 1.0047754000001206,
                                    "count": 755,
                                    "self": 0.02438320000014471,
                                    "children": {
                                        "TorchPolicy.evaluate": {
                                            "total": 0.9803921999999758,
                                            "count": 688,
                                            "self": 0.3028593000000157,
                                            "children": {
                                                "TorchPolicy.sample_actions": {
                                                    "total": 0.6775328999999601,
                                                    "count": 688,
                                                    "self": 0.6775328999999601
                                                }
                                            }
                                        }
                                    }
                                },
                                "workers": {
                                    "total": 0.004664200000092933,
                                    "count": 754,
                                    "self": 0.0,
                                    "children": {
                                        "worker_root": {
                                            "total": 24.093753699999887,
                                            "count": 754,
                                            "is_parallel": true,
                                            "self": 2.1613548999998216,
                                            "children": {
                                                "steps_from_proto": {
                                                    "total": 0.00018910000000005311,
                                                    "count": 1,
                                                    "is_parallel": true,
                                                    "self": 6.189999999861584e-05,
                                                    "children": {
                                                        "_process_rank_one_or_two_observation": {
                                                            "total": 0.00012720000000143727,
                                                            "count": 2,
                                                            "is_parallel": true,
                                                            "self": 0.00012720000000143727
                                                        }
                                                    }
                                                },
                                                "UnityEnvironment.step": {
                                                    "total": 21.932209700000065,
                                                    "count": 754,
                                                    "is_parallel": true,
                                                    "self": 0.02602000000005944,
                                                    "children": {
                                                        "UnityEnvironment._generate_step_input": {
                                                            "total": 0.07787249999996249,
                                                            "count": 754,
                                                            "is_parallel": true,
                                                            "self": 0.07787249999996249
                                                        },
                                                        "communicator.exchange": {
                                                            "total": 21.743958299999967,
                                                            "count": 754,
                                                            "is_parallel": true,
                                                            "self": 21.743958299999967
                                                        },
                                                        "steps_from_proto": {
                                                            "total": 0.08435890000007618,
                                                            "count": 754,
                                                            "is_parallel": true,
                                                            "self": 0.03494190000031949,
                                                            "children": {
                                                                "_process_rank_one_or_two_observation": {
                                                                    "total": 0.04941699999975668,
                                                                    "count": 1508,
                                                                    "is_parallel": true,
                                                                    "self": 0.04941699999975668
                                                                }
                                                            }
                                                        }
                                                    }
                                                }
                                            }
                                        }
                                    }
                                }
                            }
                        },
                        "trainer_advance": {
                            "total": 0.13533209999991413,
                            "count": 754,
                            "self": 0.010471699999804684,
                            "children": {
                                "process_trajectory": {
                                    "total": 0.12486040000010945,
                                    "count": 754,