{
    "name": "root",
    "metadata": {
        "timer_format_version": "0.1.0",
        "start_time_seconds": "1675063074",
        "python_version": "3.9.0 (tags/v3.9.0:9cf6752, Oct  5 2020, 15:34:40) [MSC v.1927 64 bit (AMD64)]",
        "command_line_arguments": "C:\\Users\\ali\\AppData\\Local\\Programs\\Python\\Python39\\Scripts\\mlagents-learn Assets\\config\\Drecon_constant_lr.yaml --run-id=ignore --time-scale=1 --capture-frame-rate=0 --force",
        "mlagents_version": "0.28.0",
        "mlagents_envs_version": "0.28.0",
        "communication_protocol_version": "1.5.0",
        "pytorch_version": "1.7.1+cu110",
        "numpy_version": "1.23.4",
        "end_time_seconds": "1675063870"
    },
    "total": 795.8947380000001,
    "count": 1,
    "self": 0.0023592000001144697,
    "children": {
        "run_training.setup": {
            "total": 0.07687800000000022,
            "count": 1,
            "self": 0.07687800000000022
        },
        "TrainerController.start_learning": {
            "total": 795.8155008,
            "count": 1,
            "self": 0.3503675000064277,
            "children": {
                "TrainerController._reset_env": {
                    "total": 45.97135230000001,
                    "count": 1,
                    "self": 45.97135230000001
                },
                "TrainerController.advance": {
                    "total": 749.4529476999935,
                    "count": 31058,
                    "self": 0.28871800000081294,
                    "children": {
                        "env_step": {
                            "total": 745.1551831000008,
                            "count": 31058,
                            "self": 712.1905559000057,
                            "children": {
                                "SubprocessEnvManager._take_step": {
                                    "total": 32.7598698999923,
                                    "count": 31061,
                                    "self": 0.9849050999903781,
                                    "children": {
                                        "TorchPolicy.evaluate": {
                                            "total": 31.774964800001925,
                                            "count": 31061,
                                            "self": 18.428430200004776,
                                            "children": {
                                                "TorchPolicy.sample_actions": {
                                                    "total": 13.346534599997149,
                                                    "count": 31061,
                                                    "self": 13.346534599997149
                                                }
                                            }
                                        }
                                    }
                                },
                                "workers": {
                                    "total": 0.20475730000278958,
                                    "count": 31057,
                                    "self": 0.0,
                                    "children": {
                                        "worker_root": {
                                            "total": 609.021840299995,
                                            "count": 31057,
                                            "is_parallel": true,
                                            "self": 52.06968779999522,
                                            "children": {
                                                "steps_from_proto": {
                                                    "total": 0.0007354999999975576,
                                                    "count": 4,
                                                    "is_parallel": true,
                                                    "self": 0.0002651000000000181,
                                                    "children": {
                                                        "_process_rank_one_or_two_observation": {
                                                            "total": 0.00047039999999753945,
                                                            "count": 8,
                                                            "is_parallel": true,
                                                            "self": 0.00047039999999753945
                                                        }
                                                    }
                                                },
                                                "UnityEnvironment.step": {
                                                    "total": 556.9514169999998,
                                                    "count": 31057,
                                                    "is_parallel": true,
                                                    "self": 0.9940679000003456,
                                                    "children": {
                                                        "UnityEnvironment._generate_step_input": {
                                                            "total": 3.047693400000121,
                                                            "count": 31057,
                                                            "is_parallel": true,
                                                            "self": 3.047693400000121
                                                        },
                                                        "communicator.exchange": {
                                                            "total": 549.5428752000009,
                                                            "count": 31057,
                                                            "is_parallel": true,
                                                            "self": 549.5428752000009
                                                        },
                                                        "steps_from_proto": {
                                                            "total": 3.3667804999984305,
                                                            "count": 31057,
                                                            "is_parallel": true,
                                                            "self": 1.4257213000003972,
                                                            "children": {
                                                                "_process_rank_one_or_two_observation": {
                                                                    "total": 1.9410591999980333,
                                                                    "count": 62114,
                                                                    "is_parallel": true,
                                                                    "self": 1.9410591999980333
                                                                }
                                                            }
                                                        }
                                                    }
                                                }
                                            }
                                        }
                                    }
                                }
                            }
                        },
                        "trainer_advance": {
                            "total": 4.009046599991898,
                            "count": 31057,
                            "self": 0.4045901999845327,
                            "children": {
                                "process_trajectory": {
                                    "total": 3.604456400007365,
                                    "count": 31057,