{
    "name": "root",
    "gauges": {
        "Drecon.Policy.Entropy.mean": {
            "value": 0.2096717804670334,
            "min": 0.1867196261882782,
            "max": 0.47137606143951416,
            "count": 377
        },
        "Drecon.Policy.Entropy.sum": {
            "value": 20993.177734375,
            "min": 1809.141357421875,
            "max": 46837.75,
            "count": 377
        },
        "Drecon.Environment.EpisodeLength.mean": {
            "value": 39.65325203252033,
            "min": 24.308879332152795,
            "max": 40.73695198329854,
            "count": 377
        },
        "Drecon.Environment.EpisodeLength.sum": {
            "value": 97547.0,
            "min": 3165.0,
            "max": 97615.0,
            "count": 377
        },
        "Drecon.Step.mean": {
            "value": 76099963.0,
            "min": 38499978.0,
            "max": 76099963.0,
            "count": 377
        },
        "Drecon.Step.sum": {
            "value": 76099963.0,
            "min": 38499978.0,
            "max": 76099963.0,
            "count": 377
        },
        "Drecon.Policy.ExtrinsicValueEstimate.mean": {
            "value": 7.952395915985107,
            "min": 4.413398742675781,
            "max": 8.35409927368164,
            "count": 377
        },
        "Drecon.Policy.ExtrinsicValueEstimate.sum": {
            "value": 19562.89453125,
            "min": 672.617919921875,
            "max": 20546.416015625,
            "count": 377
        },
        "Drecon.Environment.CumulativeReward.mean": {
            "value": 35.036600124617905,
            "min": 17.683058088809524,
            "max": 37.72460378234222,
            "count": 377
        },
        "Drecon.Environment.CumulativeReward.sum": {
            "value": 86190.03630656004,
            "min": 2884.241145133972,
            "max": 90350.42605870962,
            "count": 377
        },
        "Drecon.Policy.ExtrinsicReward.mean": {
            "value": 35.036600124617905,
            "min": 17.683058088809524,
            "max": 37.72460378234222,
            "count": 377
        },
        "Drecon.Policy.ExtrinsicReward.sum": {
            "value": 86190.03630656004,
            "min": 2884.241145133972,
            "max": 90350.42605870962,
            "count": 377
        },
        "Drecon.IsTraining.mean": {
            "value": 1.0,
            "min": 1.0,
            "max": 1.0,
            "count": 377
        },
        "Drecon.IsTraining.sum": {
            "value": 1.0,
            "min": 1.0,
            "max": 1.0,
            "count": 377
        },
        "Drecon.Losses.PolicyLoss.mean": {
            "value": 0.01885647729375503,
            "min": 0.013433360874720772,
            "max": 0.020394862444178822,
            "count": 376
        },
        "Drecon.Losses.PolicyLoss.sum": {
            "value": 0.05656943188126509,
            "min": 0.026866721749441543,
            "max": 0.059937571635782665,
            "count": 376
        },
        "Drecon.Losses.ValueLoss.mean": {
            "value": 4.577163479063246,
            "min": 3.3080405493577323,
            "max": 9.014141285419464,
            "count": 376
        },
        "Drecon.Losses.ValueLoss.sum": {
            "value": 13.731490437189738,
            "min": 6.616081098715465,
            "max": 20.431470807393392,
            "count": 376
        },
        "Drecon.Policy.LearningRate.mean": {
            "value": 0.0003000000000000001,
            "min": 0.0003000000000000001,
            "max": 0.0003000000000000001,
            "count": 376
        },
        "Drecon.Policy.LearningRate.sum": {
            "value": 0.0009000000000000002,
            "min": 0.0006000000000000002,
            "max": 0.0009000000000000002,
            "count": 376
        },
        "Drecon.Policy.Epsilon.mean": {
            "value": 0.25,
            "min": 0.25,
            "max": 0.25,
            "count": 376
        },
        "Drecon.Policy.Epsilon.sum": {
            "value": 0.75,
            "min": 0.5,
            "max": 0.75,
            "count": 376
        },
        "Drecon.Policy.Beta.mean": {
            "value": 0.005000000000000001,
            "min": 0.005000000000000001,
            "max": 0.005000000000000001,
            "count": 376
        },
        "Drecon.Policy.Beta.sum": {
            "value": 0.015000000000000003,
            "min": 0.010000000000000002,
            "max": 0.015000000000000003,
            "count": 376
        }
    },
    "metadata": {
        "timer_format_version": "0.1.0",
        "start_time_seconds": "1675410992",
        "python_version": "3.9.0 (tags/v3.9.0:9cf6752, Oct  5 2020, 15:34:40) [MSC v.1927 64 bit (AMD64)]",
        "command_line_arguments": "C:\\Users\\ali\\AppData\\Local\\Programs\\Python\\Python39\\Scripts\\mlagents-learn Assets\\config\\Drecon_low_gamma.yaml --env=Builds\\Drecon --run-id=ResetAllHopeIsLost --time-scale 1 --capture-frame-rate=0 --no-graphics --num-env=12 --resume",
        "mlagents_version": "0.28.0",
        "mlagents_envs_version": "0.28.0",
        "communication_protocol_version": "1.5.0",
        "pytorch_version": "1.7.1+cu110",
        "numpy_version": "1.23.4",
        "end_time_seconds": "1675441168"
    },
    "total": 30175.7201383,
    "count": 1,
    "self": 10.012566099998367,
    "children": {
        "run_training.setup": {
            "total": 0.5090247999999997,
            "count": 1,
            "self": 0.5090247999999997
        },
        "TrainerController.start_learning": {
            "total": 30165.1985474,
            "count": 1,
            "self": 109.79411140392403,
            "children": {
                "TrainerController._reset_env": {
                    "total": 5.3874286,
                    "count": 1,
                    "self": 5.3874286
                },
                "TrainerController.advance": {
                    "total": 30049.980857096078,
                    "count": 7427240,
                    "self": 75.70867579769765,
                    "children": {
                        "env_step": {
                            "total": 24223.223047800453,
                            "count": 7427240,
                            "self": 4998.70361539668,
                            "children": {
                                "SubprocessEnvManager._take_step": {
                                    "total": 19143.950001699995,
                                    "count": 18843161,
                                    "self": 579.8016956019128,
                                    "children": {
                                        "TorchPolicy.evaluate": {
                                            "total": 18564.148306098083,
                                            "count": 18843161,
                                            "self": 10638.938377992716,
                                            "children": {
                                                "TorchPolicy.sample_actions": {
                                                    "total": 7925.209928105367,
                                                    "count": 18843161,
                                                    "self": 7925.209928105367
                                                }
                                            }
                                        }
                                    }
                                },
                                "workers": {
                                    "total": 80.56943070377682,
                                    "count": 7427239,
                                    "self": 0.0,
                                    "children": {
                                        "worker_root": {
                                            "total": 361596.11353752535,
                                            "count": 18843151,