{
    "name": "root",
    "gauges": {
        "Drecon.Policy.Entropy.mean": {
            "value": 2.198956251144409,
            "min": 1.421623706817627,
            "max": 2.198956251144409,
            "count": 402
        },
        "Drecon.Policy.Entropy.sum": {
            "value": 219746.09375,
            "min": 142605.921875,
            "max": 219746.09375,
            "count": 402
        },
        "Drecon.Environment.EpisodeLength.mean": {
            "value": 84.25193465176268,
            "min": 23.70415224913495,
            "max": 89.96353691886965,
            "count": 402
        },
        "Drecon.Environment.EpisodeLength.sum": {
            "value": 97985.0,
            "min": 95907.0,
            "max": 99731.0,
            "count": 402
        },
        "Drecon.Step.mean": {
            "value": 40199981.0,
            "min": 99993.0,
            "max": 40199981.0,
            "count": 402
        },
        "Drecon.Step.sum": {
            "value": 40199981.0,
            "min": 99993.0,
            "max": 40199981.0,
            "count": 402
        },
        "Drecon.Policy.ExtrinsicValueEstimate.mean": {
            "value": 80.88585662841797,
            "min": 8.315417289733887,
            "max": 89.71453857421875,
            "count": 402
        },
        "Drecon.Policy.ExtrinsicValueEstimate.sum": {
            "value": 299601.21875,
            "min": 37294.64453125,
            "max": 330059.78125,
            "count": 402
        },
        "Drecon.Environment.CumulativeReward.mean": {
            "value": 222.93988204386432,
            "min": 46.85768686202901,
            "max": 246.79976045416768,
            "count": 402
        },
        "Drecon.Environment.CumulativeReward.sum": {
            "value": 259502.02269905806,
            "min": 189539.34335690737,
            "max": 285283.82289236784,
            "count": 402
        },
        "Drecon.Policy.ExtrinsicReward.mean": {
            "value": 222.93988204386432,
            "min": 46.85768686202901,
            "max": 246.79976045416768,
            "count": 402
        },
        "Drecon.Policy.ExtrinsicReward.sum": {
            "value": 259502.02269905806,
            "min": 189539.34335690737,
            "max": 285283.82289236784,
            "count": 402
        },
        "Drecon.Losses.PolicyLoss.mean": {
            "value": 0.016914979501032372,
            "min": 0.013943810334224812,
            "max": 0.020226754490795428,
            "count": 402
        },
        "Drecon.Losses.PolicyLoss.sum": {
            "value": 0.050744938503097116,
            "min": 0.027887620668449624,
            "max": 0.05889328595258121,
            "count": 402
        },
        "Drecon.Losses.ValueLoss.mean": {
            "value": 416.21158905029296,
            "min": 40.20097125371297,
            "max": 475.2853889465332,
            "count": 402
        },
        "Drecon.Losses.ValueLoss.sum": {
            "value": 1248.6347671508788,
            "min": 80.40194250742594,
            "max": 1375.8968963623047,
            "count": 402
        },
        "Drecon.Policy.LearningRate.mean": {
            "value": 0.0003000000000000001,
            "min": 0.0003000000000000001,
            "max": 0.0003000000000000001,
            "count": 402
        },
        "Drecon.Policy.LearningRate.sum": {
            "value": 0.0009000000000000002,
            "min": 0.0006000000000000002,
            "max": 0.0009000000000000002,
            "count": 402
        },
        "Drecon.Policy.Epsilon.mean": {
            "value": 0.25,
            "min": 0.25,
            "max": 0.25,
            "count": 402
        },
        "Drecon.Policy.Epsilon.sum": {
            "value": 0.75,
            "min": 0.5,
            "max": 0.75,
            "count": 402
        },
        "Drecon.Policy.Beta.mean": {
            "value": 0.007500000000000001,
            "min": 0.007500000000000001,
            "max": 0.007500000000000001,
            "count": 402
        },
        "Drecon.Policy.Beta.sum": {
            "value": 0.022500000000000003,
            "min": 0.015000000000000001,
            "max": 0.022500000000000003,
            "count": 402
        },
        "Drecon.IsTraining.mean": {
            "value": 1.0,
            "min": 1.0,
            "max": 1.0,
            "count": 402
        },
        "Drecon.IsTraining.sum": {
            "value": 1.0,
            "min": 1.0,
            "max": 1.0,
            "count": 402
        }
    },
    "metadata": {
        "timer_format_version": "0.1.0",
        "start_time_seconds": "1675929717",
        "python_version": "3.9.0 (tags/v3.9.0:9cf6752, Oct  5 2020, 15:34:40) [MSC v.1927 64 bit (AMD64)]",
        "command_line_arguments": "C:\\Users\\ali\\AppData\\Local\\Programs\\Python\\Python39\\Scripts\\mlagents-learn Assets\\config\\Drecon_more_layers.yaml --env=Builds\\Drecon --run-id=60fps --time-scale 1 --capture-frame-rate=0 --no-graphics --num-env=12",
        "mlagents_version": "0.28.0",
        "mlagents_envs_version": "0.28.0",
        "communication_protocol_version": "1.5.0",
        "pytorch_version": "1.7.1+cu110",
        "numpy_version": "1.23.4",
        "end_time_seconds": "1675990497"
    },
    "total": 60780.0495593,
    "count": 1,
    "self": 6.3724829999991925,
    "children": {
        "run_training.setup": {
            "total": 0.5960380999999999,
            "count": 1,
            "self": 0.5960380999999999
        },
        "TrainerController.start_learning": {
            "total": 60773.081038200005,
            "count": 1,
            "self": 187.37192110042088,
            "children": {
                "TrainerController._reset_env": {
                    "total": 7.2744812,
                    "count": 1,
                    "self": 7.2744812
                },
                "TrainerController.advance": {
                    "total": 60578.38488219958,
                    "count": 12149049,
                    "self": 156.80127239995636,
                    "children": {
                        "env_step": {
                            "total": 48469.235922203356,
                            "count": 12149049,
                            "self": 15190.15847271117,
                            "children": {
                                "SubprocessEnvManager._take_step": {
                                    "total": 33144.47414480306,
                                    "count": 20298489,
                                    "self": 855.8479698081064,
                                    "children": {
                                        "TorchPolicy.evaluate": {
                                            "total": 32288.626174994955,
                                            "count": 20298489,
                                            "self": 13379.7241132819,
                                            "children": {
                                                "TorchPolicy.sample_actions": {
                                                    "total": 18908.902061713055,
                                                    "count": 20298489,
                                                    "self": 18908.902061713055
                                                }
                                            }
                                        }
                                    }
                                },
                                "workers": {
                                    "total": 134.60330468912431,
                                    "count": 12149048,
                                    "self": 0.0,
                                    "children": {
                                        "worker_root": {
                                            "total": 728715.0619188523,
                                            "count": 20298480,
                                            "is_parallel": true,