{
    "name": "root",
    "gauges": {
        "Drecon.Policy.Entropy.mean": {
            "value": 0.8282871842384338,
            "min": 0.8282871842384338,
            "max": 1.430253505706787,
            "count": 236
        },
        "Drecon.Policy.Entropy.sum": {
            "value": 82843.625,
            "min": 82843.625,
            "max": 143130.5,
            "count": 236
        },
        "Drecon.Environment.EpisodeLength.mean": {
            "value": 41.50446238844029,
            "min": 19.493032786885244,
            "max": 41.60390990225245,
            "count": 236
        },
        "Drecon.Environment.EpisodeLength.sum": {
            "value": 97660.0,
            "min": 95126.0,
            "max": 97894.0,
            "count": 236
        },
        "Drecon.Step.mean": {
            "value": 23599993.0,
            "min": 99986.0,
            "max": 23599993.0,
            "count": 236
        },
        "Drecon.Step.sum": {
            "value": 23599993.0,
            "min": 99986.0,
            "max": 23599993.0,
            "count": 236
        },
        "Drecon.Policy.ExtrinsicValueEstimate.mean": {
            "value": 25.879995346069336,
            "min": 3.2710976600646973,
            "max": 26.4218807220459,
            "count": 236
        },
        "Drecon.Policy.ExtrinsicValueEstimate.sum": {
            "value": 60895.62890625,
            "min": 15959.685546875,
            "max": 62457.109375,
            "count": 236
        },
        "Drecon.Environment.CumulativeReward.mean": {
            "value": 112.52462968935725,
            "min": 32.0906869505585,
            "max": 113.69382843685514,
            "count": 236
        },
        "Drecon.Environment.CumulativeReward.sum": {
            "value": 264770.4536590576,
            "min": 156570.4616317749,
            "max": 267521.57831192017,
            "count": 236
        },
        "Drecon.Policy.ExtrinsicReward.mean": {
            "value": 112.52462968935725,
            "min": 32.0906869505585,
            "max": 113.69382843685514,
            "count": 236
        },
        "Drecon.Policy.ExtrinsicReward.sum": {
            "value": 264770.4536590576,
            "min": 156570.4616317749,
            "max": 267521.57831192017,
            "count": 236
        },
        "Drecon.Losses.PolicyLoss.mean": {
            "value": 0.017185353397993215,
            "min": 0.014485314031738502,
            "max": 0.020983985688932685,
            "count": 236
        },
        "Drecon.Losses.PolicyLoss.sum": {
            "value": 0.03437070679598643,
            "min": 0.028970628063477003,
            "max": 0.06087307790633834,
            "count": 236
        },
        "Drecon.Losses.ValueLoss.mean": {
            "value": 22.21147683461507,
            "min": 11.575203657150269,
            "max": 45.51155290603637,
            "count": 236
        },
        "Drecon.Losses.ValueLoss.sum": {
            "value": 44.42295366923014,
            "min": 23.699373642603554,
            "max": 91.02310581207274,
            "count": 236
        },
        "Drecon.Policy.LearningRate.mean": {
            "value": 0.0003000000000000001,
            "min": 0.0003000000000000001,
            "max": 0.0003000000000000001,
            "count": 236
        },
        "Drecon.Policy.LearningRate.sum": {
            "value": 0.0006000000000000002,
            "min": 0.0006000000000000002,
            "max": 0.0009000000000000002,
            "count": 236
        },
        "Drecon.Policy.Epsilon.mean": {
            "value": 0.25,
            "min": 0.25,
            "max": 0.25,
            "count": 236
        },
        "Drecon.Policy.Epsilon.sum": {
            "value": 0.5,
            "min": 0.5,
            "max": 0.75,
            "count": 236
        },
        "Drecon.Policy.Beta.mean": {
            "value": 0.005000000000000001,
            "min": 0.005000000000000001,
            "max": 0.005000000000000001,
            "count": 236
        },
        "Drecon.Policy.Beta.sum": {
            "value": 0.010000000000000002,
            "min": 0.010000000000000002,
            "max": 0.015000000000000003,
            "count": 236
        },
        "Drecon.IsTraining.mean": {
            "value": 1.0,
            "min": 1.0,
            "max": 1.0,
            "count": 236
        },
        "Drecon.IsTraining.sum": {
            "value": 1.0,
            "min": 1.0,
            "max": 1.0,
            "count": 236
        }
    },
    "metadata": {
        "timer_format_version": "0.1.0",
        "start_time_seconds": "1675443216",
        "python_version": "3.9.0 (tags/v3.9.0:9cf6752, Oct  5 2020, 15:34:40) [MSC v.1927 64 bit (AMD64)]",
        "command_line_arguments": "C:\\Users\\ali\\AppData\\Local\\Programs\\Python\\Python39\\Scripts\\mlagents-learn Assets\\config\\Drecon_low_gamma.yaml --env=Builds\\Drecon --run-id=V2ResetAllHopeIsLost --time-scale 1 --capture-frame-rate=0 --no-graphics --num-env=12 --force",
        "mlagents_version": "0.28.0",
        "mlagents_envs_version": "0.28.0",
        "communication_protocol_version": "1.5.0",
        "pytorch_version": "1.7.1+cu110",
        "numpy_version": "1.23.4",
        "end_time_seconds": "1675476955"
    },
    "total": 33738.979298599996,
    "count": 1,
    "self": 5.903239599996596,
    "children": {
        "run_training.setup": {
            "total": 0.48794020000000005,
            "count": 1,
            "self": 0.48794020000000005
        },
        "TrainerController.start_learning": {
            "total": 33732.5881188,
            "count": 1,
            "self": 116.70730659874243,
            "children": {
                "TrainerController._reset_env": {
                    "total": 3.4270203999999995,
                    "count": 1,
                    "self": 3.4270203999999995
                },
                "TrainerController.advance": {
                    "total": 33612.41901990125,
                    "count": 8431715,
                    "self": 96.40991920848319,
                    "children": {
                        "env_step": {
                            "total": 27958.991114298373,
                            "count": 8431715,
                            "self": 10479.070893793672,
                            "children": {
                                "SubprocessEnvManager._take_step": {
                                    "total": 17402.04864660529,
                                    "count": 12481392,
                                    "self": 462.6828076063066,
                                    "children": {
                                        "TorchPolicy.evaluate": {
                                            "total": 16939.365838998983,
                                            "count": 11828704,
                                            "self": 8432.635965305217,
                                            "children": {
                                                "TorchPolicy.sample_actions": {
                                                    "total": 8506.729873693766,
                                                    "count": 11828704,
                                                    "self": 8506.729873693766
                                                }
                                            }
                                        }
                                    }
                                },
                                "workers": {
                                    "total": 77.87157389940992,
                                    "count": 8431714,
                                    "self": 0.0,
                                    "children": {
                                        "worker_root": {
                                            "total": 404477.125115214,
                                            "count": 12481380,