{
    "name": "root",
    "gauges": {
        "Drecon.Policy.Entropy.mean": {
            "value": 1.329455018043518,
            "min": 1.269619345664978,
            "max": 1.329455018043518,
            "count": 29
        },
        "Drecon.Policy.Entropy.sum": {
            "value": 132852.4375,
            "min": 82277.6796875,
            "max": 132852.4375,
            "count": 29
        },
        "Drecon.Environment.EpisodeLength.mean": {
            "value": 40.677782409337226,
            "min": 38.676108374384235,
            "max": 42.6764192139738,
            "count": 29
        },
        "Drecon.Environment.EpisodeLength.sum": {
            "value": 97586.0,
            "min": 62810.0,
            "max": 97866.0,
            "count": 29
        },
        "Drecon.Step.mean": {
            "value": 59399899.0,
            "min": 56599979.0,
            "max": 59399899.0,
            "count": 29
        },
        "Drecon.Step.sum": {
            "value": 59399899.0,
            "min": 56599979.0,
            "max": 59399899.0,
            "count": 29
        },
        "Drecon.Policy.ExtrinsicValueEstimate.mean": {
            "value": 16.76688003540039,
            "min": 16.185739517211914,
            "max": 18.601360321044922,
            "count": 29
        },
        "Drecon.Policy.ExtrinsicValueEstimate.sum": {
            "value": 40995.01953125,
            "min": 29736.134765625,
            "max": 43675.99609375,
            "count": 29
        },
        "Drecon.Environment.CumulativeReward.mean": {
            "value": 48.81937731170763,
            "min": 45.509068441662755,
            "max": 53.453106546636235,
            "count": 29
        },
        "Drecon.Environment.CumulativeReward.sum": {
            "value": 117117.68617078662,
            "min": 73861.21808081865,
            "max": 122407.61399179697,
            "count": 29
        },
        "Drecon.Policy.ExtrinsicReward.mean": {
            "value": 48.81937731170763,
            "min": 45.509068441662755,
            "max": 53.453106546636235,
            "count": 29
        },
        "Drecon.Policy.ExtrinsicReward.sum": {
            "value": 117117.68617078662,
            "min": 73861.21808081865,
            "max": 122407.61399179697,
            "count": 29
        },
        "Drecon.Losses.PolicyLoss.mean": {
            "value": 0.015530914363140861,
            "min": 0.015319424202416106,
            "max": 0.01957836566507467,
            "count": 29
        },
        "Drecon.Losses.PolicyLoss.sum": {
            "value": 0.031061828726281722,
            "min": 0.01891071468902131,
            "max": 0.057019166045938624,
            "count": 29
        },
        "Drecon.Losses.ValueLoss.mean": {
            "value": 34.95849421819051,
            "min": 33.5462539990743,
            "max": 52.65303796132405,
            "count": 29
        },
        "Drecon.Losses.ValueLoss.sum": {
            "value": 69.91698843638102,
            "min": 52.65303796132405,
            "max": 131.02494649887086,
            "count": 29
        },
        "Drecon.Policy.LearningRate.mean": {
            "value": 0.0003000000000000001,
            "min": 0.0003000000000000001,
            "max": 0.0003000000000000001,
            "count": 29
        },
        "Drecon.Policy.LearningRate.sum": {
            "value": 0.0006000000000000002,
            "min": 0.0003000000000000001,
            "max": 0.0009000000000000002,
            "count": 29
        },
        "Drecon.Policy.Epsilon.mean": {
            "value": 0.25,
            "min": 0.25,
            "max": 0.25,
            "count": 29
        },
        "Drecon.Policy.Epsilon.sum": {
            "value": 0.5,
            "min": 0.25,
            "max": 0.75,
            "count": 29
        },
        "Drecon.Policy.Beta.mean": {
            "value": 0.005000000000000001,
            "min": 0.005000000000000001,
            "max": 0.005000000000000001,
            "count": 29
        },
        "Drecon.Policy.Beta.sum": {
            "value": 0.010000000000000002,
            "min": 0.005000000000000001,
            "max": 0.015000000000000003,
            "count": 29
        },
        "Drecon.IsTraining.mean": {
            "value": 1.0,
            "min": 1.0,
            "max": 1.0,
            "count": 29
        },
        "Drecon.IsTraining.sum": {
            "value": 1.0,
            "min": 1.0,
            "max": 1.0,
            "count": 29
        }
    },
    "metadata": {
        "timer_format_version": "0.1.0",
        "start_time_seconds": "1674796187",
        "python_version": "3.9.0 (tags/v3.9.0:9cf6752, Oct  5 2020, 15:34:40) [MSC v.1927 64 bit (AMD64)]",
        "command_line_arguments": "C:\\Users\\ali\\AppData\\Local\\Programs\\Python\\Python39\\Scripts\\mlagents-learn Assets\\config\\Drecon_constant_lr.yaml --env=Builds\\Drecon --run-id=WalkOnlyV1 --time-scale 1 --capture-frame-rate=0 --no-graphics --num-env=9 --resume",
        "mlagents_version": "0.28.0",
        "mlagents_envs_version": "0.28.0",
        "communication_protocol_version": "1.5.0",
        "pytorch_version": "1.7.1+cu110",
        "numpy_version": "1.23.4",
        "end_time_seconds": "1674801685"
    },
    "total": 5498.4600651,
    "count": 1,
    "self": 5.374892500000897,
    "children": {
        "run_training.setup": {
            "total": 0.3817178000000001,
            "count": 1,
            "self": 0.3817178000000001
        },
        "TrainerController.start_learning": {
            "total": 5492.703454799999,
            "count": 1,
            "self": 16.07543830011582,
            "children": {
                "TrainerController._reset_env": {
                    "total": 6.0631566,
                    "count": 1,
                    "self": 6.0631566
                },
                "TrainerController.advance": {
                    "total": 5470.527071899883,
                    "count": 1173064,
                    "self": 14.493382199867483,
                    "children": {
                        "env_step": {
                            "total": 4744.167603899988,
                            "count": 1173064,
                            "self": 2239.4732739995966,
                            "children": {
                                "SubprocessEnvManager._take_step": {
                                    "total": 2493.8317712002754,
                                    "count": 1515763,
                                    "self": 60.42516780031474,
                                    "children": {
                                        "TorchPolicy.evaluate": {
                                            "total": 2433.4066033999607,
                                            "count": 1480992,
                                            "self": 1332.888236100162,
                                            "children": {
                                                "TorchPolicy.sample_actions": {
                                                    "total": 1100.5183672997987,
                                                    "count": 1480992,
                                                    "self": 1100.5183672997987
                                                }
                                            }
                                        }
                                    }
                                },
                                "workers": {
                                    "total": 10.862558700115825,
                                    "count": 1173064,
                                    "self": 0.0,
                                    "children": {
                                        "worker_root": {
                                            "total": 49352.07673370054,
                                            "count": 1515755,
                                            "is_parallel": true,