{
    "name": "root",
    "metadata": {
        "timer_format_version": "0.1.0",
        "start_time_seconds": "1664263956",
        "python_version": "3.6.8 (tags/v3.6.8:3c6b436a57, Dec 24 2018, 00:16:47) [MSC v.1916 64 bit (AMD64)]",
        "command_line_arguments": "C:\\Unity Projects\\test-env\\Scripts\\mlagents-learn Assets\\config\\Drecon.yaml --run-id=t1",
        "mlagents_version": "0.28.0",
        "mlagents_envs_version": "0.28.0",
        "communication_protocol_version": "1.5.0",
        "pytorch_version": "1.10.2+cpu",
        "numpy_version": "1.19.5",
        "end_time_seconds": "1664264081"
    },
    "total": 125.1501373,
    "count": 1,
    "self": 0.01289320000000771,
    "children": {
        "run_training.setup": {
            "total": 0.25223070000000003,
            "count": 1,
            "self": 0.25223070000000003
        },
        "TrainerController.start_learning": {
            "total": 124.88501339999999,
            "count": 1,
            "self": 0.007808100000076479,
            "children": {
                "TrainerController._reset_env": {
                    "total": 15.3677529,
                    "count": 1,
                    "self": 15.3677529
                },
                "TrainerController.advance": {
                    "total": 109.31604319999991,
                    "count": 250,
                    "self": 0.0070896999999945365,
                    "children": {
                        "env_step": {
                            "total": 109.20269509999994,
                            "count": 250,
                            "self": 108.93004989999984,
                            "children": {
                                "SubprocessEnvManager._take_step": {
                                    "total": 0.2677666000000922,
                                    "count": 250,
                                    "self": 0.018432500000116647,
                                    "children": {
                                        "TorchPolicy.evaluate": {
                                            "total": 0.24933409999997558,
                                            "count": 227,
                                            "self": 0.0469600000000181,
                                            "children": {
                                                "TorchPolicy.sample_actions": {
                                                    "total": 0.20237409999995748,
                                                    "count": 227,
                                                    "self": 0.20237409999995748
                                                }
                                            }
                                        }
                                    }
                                },
                                "workers": {
                                    "total": 0.0048786000000067276,
                                    "count": 249,
                                    "self": 0.0,
                                    "children": {
                                        "worker_root": {
                                            "total": 42.42737039999995,
                                            "count": 249,
                                            "is_parallel": true,
                                            "self": 0.7638509999999457,
                                            "children": {
                                                "steps_from_proto": {
                                                    "total": 0.0007974,
                                                    "count": 1,
                                                    "is_parallel": true,
                                                    "self": 0.0002966999999999999,
                                                    "children": {
                                                        "_process_rank_one_or_two_observation": {
                                                            "total": 0.0005007000000000001,
                                                            "count": 2,
                                                            "is_parallel": true,
                                                            "self": 0.0005007000000000001
                                                        }
                                                    }
                                                },
                                                "UnityEnvironment.step": {
                                                    "total": 41.662722,
                                                    "count": 249,
                                                    "is_parallel": true,
                                                    "self": 0.030453900000040335,
                                                    "children": {
                                                        "UnityEnvironment._generate_step_input": {
                                                            "total": 0.028680799999972112,
                                                            "count": 249,
                                                            "is_parallel": true,
                                                            "self": 0.028680799999972112
                                                        },
                                                        "communicator.exchange": {
                                                            "total": 41.517215499999956,
                                                            "count": 249,
                                                            "is_parallel": true,
                                                            "self": 41.517215499999956
                                                        },
                                                        "steps_from_proto": {
                                                            "total": 0.08637180000002832,
                                                            "count": 249,
                                                            "is_parallel": true,
                                                            "self": 0.0425745000000068,
                                                            "children": {
                                                                "_process_rank_one_or_two_observation": {
                                                                    "total": 0.04379730000002152,
                                                                    "count": 498,
                                                                    "is_parallel": true,
                                                                    "self": 0.04379730000002152
                                                                }
                                                            }
                                                        }
                                                    }
                                                }
                                            }
                                        }
                                    }
                                }
                            }
                        },
                        "trainer_advance": {
                            "total": 0.10625839999997488,
                            "count": 249,
                            "self": 0.007352899999936824,
                            "children": {
                                "process_trajectory": {
                                    "total": 0.09890550000003806,
                                    "count": 249,
                                    "self": 0.09890550000003806
                                }
                            }
                        }
                    }
                },