{
    "name": "root",
    "metadata": {
        "timer_format_version": "0.1.0",
        "start_time_seconds": "1664265471",
        "python_version": "3.6.8 (tags/v3.6.8:3c6b436a57, Dec 24 2018, 00:16:47) [MSC v.1916 64 bit (AMD64)]",
        "command_line_arguments": "C:\\Unity Projects\\test-env\\Scripts\\mlagents-learn Assets\\config\\Drecon.yaml --run-id=t3",
        "mlagents_version": "0.28.0",
        "mlagents_envs_version": "0.28.0",
        "communication_protocol_version": "1.5.0",
        "pytorch_version": "1.10.2+cpu",
        "numpy_version": "1.19.5",
        "end_time_seconds": "1664265715"
    },
    "total": 244.33901930000002,
    "count": 1,
    "self": 0.01778430000001663,
    "children": {
        "run_training.setup": {
            "total": 0.25426930000000003,
            "count": 1,
            "self": 0.25426930000000003
        },
        "TrainerController.start_learning": {
            "total": 244.0669657,
            "count": 1,
            "self": 0.18337309999890294,
            "children": {
                "TrainerController._reset_env": {
                    "total": 13.466514100000001,
                    "count": 1,
                    "self": 13.466514100000001
                },
                "TrainerController.advance": {
                    "total": 230.20153480000107,
                    "count": 6450,
                    "self": 0.1981269000025918,
                    "children": {
                        "env_step": {
                            "total": 227.02415829999936,
                            "count": 6450,
                            "self": 220.40905380000063,
                            "children": {
                                "SubprocessEnvManager._take_step": {
                                    "total": 6.487164299999222,
                                    "count": 6450,
                                    "self": 0.4646808999985357,
                                    "children": {
                                        "TorchPolicy.evaluate": {
                                            "total": 6.022483400000686,
                                            "count": 5760,
                                            "self": 1.148751200000767,
                                            "children": {
                                                "TorchPolicy.sample_actions": {
                                                    "total": 4.873732199999919,
                                                    "count": 5760,
                                                    "self": 4.873732199999919
                                                }
                                            }
                                        }
                                    }
                                },
                                "workers": {
                                    "total": 0.12794019999950734,
                                    "count": 6449,
                                    "self": 0.0,
                                    "children": {
                                        "worker_root": {
                                            "total": 166.633602399999,
                                            "count": 6449,
                                            "is_parallel": true,
                                            "self": 18.70685259999837,
                                            "children": {
                                                "steps_from_proto": {
                                                    "total": 0.0007034999999999999,
                                                    "count": 1,
                                                    "is_parallel": true,
                                                    "self": 0.0003031999999999999,
                                                    "children": {
                                                        "_process_rank_one_or_two_observation": {
                                                            "total": 0.0004003,
                                                            "count": 2,
                                                            "is_parallel": true,
                                                            "self": 0.0004003
                                                        }
                                                    }
                                                },
                                                "UnityEnvironment.step": {
                                                    "total": 147.92604630000065,
                                                    "count": 6449,
                                                    "is_parallel": true,
                                                    "self": 0.8104005000006111,
                                                    "children": {
                                                        "UnityEnvironment._generate_step_input": {
                                                            "total": 0.7137653000001344,
                                                            "count": 6449,
                                                            "is_parallel": true,
                                                            "self": 0.7137653000001344
                                                        },
                                                        "communicator.exchange": {
                                                            "total": 144.14108119999943,
                                                            "count": 6449,
                                                            "is_parallel": true,
                                                            "self": 144.14108119999943
                                                        },
                                                        "steps_from_proto": {
                                                            "total": 2.260799300000463,
                                                            "count": 6449,
                                                            "is_parallel": true,
                                                            "self": 1.1166651000010894,
                                                            "children": {
                                                                "_process_rank_one_or_two_observation": {
                                                                    "total": 1.1441341999993737,
                                                                    "count": 12898,
                                                                    "is_parallel": true,
                                                                    "self": 1.1441341999993737
                                                                }
                                                            }
                                                        }
                                                    }
                                                }
                                            }
                                        }
                                    }
                                }
                            }
                        },
                        "trainer_advance": {
                            "total": 2.979249599999129,
                            "count": 6449,
                            "self": 0.19856059999905895,
                            "children": {
                                "process_trajectory": {
                                    "total": 2.78068900000007,
                                    "count": 6449,
                                    "self": 2.78068900000007
                                }
                            }
                        }
                    }
                },