{
    "name": "root",
    "gauges": {
        "Drecon.Policy.Entropy.mean": {
            "value": 0.8614435195922852,
            "min": 0.8614435195922852,
            "max": 1.4288476705551147,
            "count": 245
        },
        "Drecon.Policy.Entropy.sum": {
            "value": 86144.3515625,
            "min": 86144.3515625,
            "max": 142904.765625,
            "count": 245
        },
        "Drecon.Environment.EpisodeLength.mean": {
            "value": 49.0725,
            "min": 20.026282590412112,
            "max": 49.85619918699187,
            "count": 245
        },
        "Drecon.Environment.EpisodeLength.sum": {
            "value": 98145.0,
            "min": 95245.0,
            "max": 98249.0,
            "count": 245
        },
        "Drecon.Step.mean": {
            "value": 24499975.0,
            "min": 99983.0,
            "max": 24499975.0,
            "count": 245
        },
        "Drecon.Step.sum": {
            "value": 24499975.0,
            "min": 99983.0,
            "max": 24499975.0,
            "count": 245
        },
        "Drecon.Policy.ExtrinsicValueEstimate.mean": {
            "value": 38.46116256713867,
            "min": 4.151477336883545,
            "max": 40.83252716064453,
            "count": 245
        },
        "Drecon.Policy.ExtrinsicValueEstimate.sum": {
            "value": 162921.484375,
            "min": 20362.99609375,
            "max": 170761.625,
            "count": 245
        },
        "Drecon.Environment.CumulativeReward.mean": {
            "value": 139.62944553123415,
            "min": 36.833534678117964,
            "max": 143.00158336134703,
            "count": 245
        },
        "Drecon.Environment.CumulativeReward.sum": {
            "value": 279258.8910624683,
            "min": 175143.4573944509,
            "max": 285858.35032752156,
            "count": 245
        },
        "Drecon.Policy.ExtrinsicReward.mean": {
            "value": 139.62944553123415,
            "min": 36.833534678117964,
            "max": 143.00158336134703,
            "count": 245
        },
        "Drecon.Policy.ExtrinsicReward.sum": {
            "value": 279258.8910624683,
            "min": 175143.4573944509,
            "max": 285858.35032752156,
            "count": 245
        },
        "Drecon.Losses.PolicyLoss.mean": {
            "value": 0.017405748177407074,
            "min": 0.014219851843275441,
            "max": 0.020885169986589364,
            "count": 245
        },
        "Drecon.Losses.PolicyLoss.sum": {
            "value": 0.03481149635481415,
            "min": 0.028439703686550882,
            "max": 0.059802635474265266,
            "count": 245
        },
        "Drecon.Losses.ValueLoss.mean": {
            "value": 74.97323029836019,
            "min": 37.6945048544142,
            "max": 104.35746711095175,
            "count": 245
        },
        "Drecon.Losses.ValueLoss.sum": {
            "value": 149.94646059672039,
            "min": 75.45349267323812,
            "max": 266.70180613199875,
            "count": 245
        },
        "Drecon.Policy.LearningRate.mean": {
            "value": 0.0003000000000000001,
            "min": 0.0003000000000000001,
            "max": 0.0003000000000000001,
            "count": 245
        },
        "Drecon.Policy.LearningRate.sum": {
            "value": 0.0006000000000000002,
            "min": 0.0006000000000000002,
            "max": 0.0009000000000000002,
            "count": 245
        },
        "Drecon.Policy.Epsilon.mean": {
            "value": 0.25,
            "min": 0.25,
            "max": 0.25,
            "count": 245
        },
        "Drecon.Policy.Epsilon.sum": {
            "value": 0.5,
            "min": 0.5,
            "max": 0.75,
            "count": 245
        },
        "Drecon.Policy.Beta.mean": {
            "value": 0.005000000000000001,
            "min": 0.005000000000000001,
            "max": 0.005000000000000001,
            "count": 245
        },
        "Drecon.Policy.Beta.sum": {
            "value": 0.010000000000000002,
            "min": 0.010000000000000002,
            "max": 0.015000000000000003,
            "count": 245
        },
        "Drecon.IsTraining.mean": {
            "value": 1.0,
            "min": 1.0,
            "max": 1.0,
            "count": 245
        },
        "Drecon.IsTraining.sum": {
            "value": 1.0,
            "min": 1.0,
            "max": 1.0,
            "count": 245
        }
    },
    "metadata": {
        "timer_format_version": "0.1.0",
        "start_time_seconds": "1675673204",
        "python_version": "3.9.0 (tags/v3.9.0:9cf6752, Oct  5 2020, 15:34:40) [MSC v.1927 64 bit (AMD64)]",
        "command_line_arguments": "C:\\Users\\ali\\AppData\\Local\\Programs\\Python\\Python39\\Scripts\\mlagents-learn Assets\\config\\Drecon_constant_lr.yaml --env=Builds\\Drecon --run-id=DefinitionOfInsanity --time-scale 1 --capture-frame-rate=0 --no-graphics --num-env=12",
        "mlagents_version": "0.28.0",
        "mlagents_envs_version": "0.28.0",
        "communication_protocol_version": "1.5.0",
        "pytorch_version": "1.7.1+cu110",
        "numpy_version": "1.23.4",
        "end_time_seconds": "1675710702"
    },
    "total": 37497.4532114,
    "count": 1,
    "self": 10.017936800002644,
    "children": {
        "run_training.setup": {
            "total": 0.4940756999999999,
            "count": 1,
            "self": 0.4940756999999999
        },
        "TrainerController.start_learning": {
            "total": 37486.9411989,
            "count": 1,
            "self": 124.70503549949353,
            "children": {
                "TrainerController._reset_env": {
                    "total": 3.5571833,
                    "count": 1,
                    "self": 3.5571833
                },
                "TrainerController.advance": {
                    "total": 37358.64259260051,
                    "count": 8146827,
                    "self": 104.4745960015498,
                    "children": {
                        "env_step": {
                            "total": 30075.50400249734,
                            "count": 8146827,
                            "self": 11130.107081901875,
                            "children": {
                                "SubprocessEnvManager._take_step": {
                                    "total": 18856.14200659417,
                                    "count": 12574139,
                                    "self": 532.8642589933297,
                                    "children": {
                                        "TorchPolicy.evaluate": {
                                            "total": 18323.27774760084,
                                            "count": 12274676,
                                            "self": 8528.7186317989,
                                            "children": {
                                                "TorchPolicy.sample_actions": {
                                                    "total": 9794.559115801942,
                                                    "count": 12274675,
                                                    "self": 9794.559115801942
                                                }
                                            }
                                        }
                                    }
                                },
                                "workers": {
                                    "total": 89.2549140012921,
                                    "count": 8146826,
                                    "self": 0.0,
                                    "children": {
                                        "worker_root": {
                                            "total": 449503.1926488977,
                                            "count": 12574127,
                                            "is_parallel": true,