{
    "name": "root",
    "gauges": {
        "Drecon.Policy.Entropy.mean": {
            "value": 0.9468266367912292,
            "min": 0.9468266367912292,
            "max": 0.950920581817627,
            "count": 5
        },
        "Drecon.Policy.Entropy.sum": {
            "value": 94567.1484375,
            "min": 87729.078125,
            "max": 94969.9609375,
            "count": 5
        },
        "Drecon.Environment.EpisodeLength.mean": {
            "value": 18.923566878980893,
            "min": 16.69122739515198,
            "max": 20.149957698815566,
            "count": 5
        },
        "Drecon.Environment.EpisodeLength.sum": {
            "value": 95072.0,
            "min": 86761.0,
            "max": 95269.0,
            "count": 5
        },
        "Drecon.Step.mean": {
            "value": 31999954.0,
            "min": 31599998.0,
            "max": 31999954.0,
            "count": 5
        },
        "Drecon.Step.sum": {
            "value": 31999954.0,
            "min": 31599998.0,
            "max": 31999954.0,
            "count": 5
        },
        "Drecon.Policy.ExtrinsicValueEstimate.mean": {
            "value": 0.9197996258735657,
            "min": 0.6457480788230896,
            "max": 1.2372628450393677,
            "count": 5
        },
        "Drecon.Policy.ExtrinsicValueEstimate.sum": {
            "value": 4636.7099609375,
            "min": 3358.535888671875,
            "max": 5865.86328125,
            "count": 5
        },
        "Drecon.Environment.CumulativeReward.mean": {
            "value": 2.701255982550407,
            "min": 2.0953617006216296,
            "max": 3.3974604599726232,
            "count": 5
        },
        "Drecon.Environment.CumulativeReward.sum": {
            "value": 13571.110056333244,
            "min": 10889.59475813061,
            "max": 16063.193054750562,
            "count": 5
        },
        "Drecon.Policy.ExtrinsicReward.mean": {
            "value": 2.701255982550407,
            "min": 2.0953617006216296,
            "max": 3.3974604599726232,
            "count": 5
        },
        "Drecon.Policy.ExtrinsicReward.sum": {
            "value": 13571.110056333244,
            "min": 10889.59475813061,
            "max": 16063.193054750562,
            "count": 5
        },
        "Drecon.Losses.PolicyLoss.mean": {
            "value": 0.01797307940214523,
            "min": 0.01797307940214523,
            "max": 0.01966821301255853,
            "count": 5
        },
        "Drecon.Losses.PolicyLoss.sum": {
            "value": 0.05391923820643569,
            "min": 0.03854193397564813,
            "max": 0.05719946216607544,
            "count": 5
        },
        "Drecon.Losses.ValueLoss.mean": {
            "value": 2.938699330223931,
            "min": 1.6291021804014842,
            "max": 2.938699330223931,
            "count": 5
        },
        "Drecon.Losses.ValueLoss.sum": {
            "value": 8.816097990671793,
            "min": 3.2582043608029685,
            "max": 8.816097990671793,
            "count": 5
        },
        "Drecon.Policy.LearningRate.mean": {
            "value": 0.0003000000000000001,
            "min": 0.0003000000000000001,
            "max": 0.0003000000000000001,
            "count": 5
        },
        "Drecon.Policy.LearningRate.sum": {
            "value": 0.0009000000000000002,
            "min": 0.0006000000000000002,
            "max": 0.0009000000000000002,
            "count": 5
        },
        "Drecon.Policy.Epsilon.mean": {
            "value": 0.25,
            "min": 0.25,
            "max": 0.25,
            "count": 5
        },
        "Drecon.Policy.Epsilon.sum": {
            "value": 0.75,
            "min": 0.5,
            "max": 0.75,
            "count": 5
        },
        "Drecon.Policy.Beta.mean": {
            "value": 0.005000000000000001,
            "min": 0.005000000000000001,
            "max": 0.005000000000000001,
            "count": 5
        },
        "Drecon.Policy.Beta.sum": {
            "value": 0.015000000000000003,
            "min": 0.010000000000000002,
            "max": 0.015000000000000003,
            "count": 5
        },
        "Drecon.IsTraining.mean": {
            "value": 1.0,
            "min": 1.0,
            "max": 1.0,
            "count": 5
        },
        "Drecon.IsTraining.sum": {
            "value": 1.0,
            "min": 1.0,
            "max": 1.0,
            "count": 5
        }
    },
    "metadata": {
        "timer_format_version": "0.1.0",
        "start_time_seconds": "1674091514",
        "python_version": "3.9.0 (tags/v3.9.0:9cf6752, Oct  5 2020, 15:34:40) [MSC v.1927 64 bit (AMD64)]",
        "command_line_arguments": "C:\\Users\\ali\\AppData\\Local\\Programs\\Python\\Python39\\Scripts\\mlagents-learn Assets\\config\\Drecon_constant_lr.yaml --env=Builds\\Drecon --run-id=6DRotations --time-scale 1 --capture-frame-rate=0 --no-graphics --num-env=10 --resume",
        "mlagents_version": "0.28.0",
        "mlagents_envs_version": "0.28.0",
        "communication_protocol_version": "1.5.0",
        "pytorch_version": "1.7.1+cu110",
        "numpy_version": "1.23.4",
        "end_time_seconds": "1674092501"
    },
    "total": 987.1472616,
    "count": 1,
    "self": 4.781392999999866,
    "children": {
        "run_training.setup": {
            "total": 0.4166284,
            "count": 1,
            "self": 0.4166284
        },
        "TrainerController.start_learning": {
            "total": 981.9492402000001,
            "count": 1,
            "self": 2.6032302999537933,
            "children": {
                "TrainerController._reset_env": {
                    "total": 6.428918299999999,
                    "count": 1,
                    "self": 6.428918299999999
                },
                "TrainerController.advance": {
                    "total": 972.8770444000464,
                    "count": 246408,
                    "self": 2.16880000006347,
                    "children": {
                        "env_step": {
                            "total": 842.5229524999979,
                            "count": 246408,
                            "self": 438.06588340002236,
                            "children": {
                                "SubprocessEnvManager._take_step": {
                                    "total": 402.7421920999855,
                                    "count": 306920,
                                    "self": 8.954048699986458,
                                    "children": {
                                        "TorchPolicy.evaluate": {
                                            "total": 393.78814339999906,
                                            "count": 292559,
                                            "self": 263.45493169995524,
                                            "children": {
                                                "TorchPolicy.sample_actions": {
                                                    "total": 130.33321170004382,
                                                    "count": 292559,
                                                    "self": 130.33321170004382
                                                }
                                            }
                                        }
                                    }
                                },
                                "workers": {
                                    "total": 1.7148769999900821,
                                    "count": 246407,
                                    "self": 0.0,
                                    "children": {
                                        "worker_root": {
                                            "total": 9756.944574700043,
                                            "count": 306910,
                                            "is_parallel": true,