{"count":1,"self":296.3917568,"total":341.7981233,"children":{"InitializeActuators":{"count":2,"self":0.0009968,"total":0.0009968,"children":null},"InitializeSensors":{"count":2,"self":0.00099669999999999989,"total":0.00099669999999999989,"children":null},"AgentSendState":{"count":20453,"self":0.0822812,"total":0.42163839999999997,"children":{"CollectObservations":{"count":19564,"self":0.095672899999999991,"total":0.095672899999999991,"children":null},"WriteActionMask":{"count":19564,"self":0.0149517,"total":0.0149517,"children":null},"RequestDecision":{"count":19564,"self":0.047340799999999995,"total":0.22873259999999998,"children":{"AgentInfo.ToProto":{"count":19564,"self":0.04186,"total":0.1813918,"children":{"GenerateSensorData":{"count":19564,"self":0.13953179999999998,"total":0.13953179999999998,"children":null}}}}}}},"DecideAction":{"count":20453,"self":44.1454944,"total":44.1454933,"children":null},"AgentAct":{"count":20453,"self":0.8203064,"total":0.8203064,"children":null},"AgentInfo.ToProto":{"count":1737,"self":0.0049837,"total":0.0169435,"children":{"GenerateSensorData":{"count":1737,"self":0.0119598,"total":0.0119598,"children":null}}}},"gauges":{"Drecon.CumulativeReward":{"count":1737,"max":7.603548,"min":-0.5,"runningAverage":0.101142883,"value":1.26510048,"weightedAverage":1.621638}},"metadata":{"timer_format_version":"0.1.0","start_time_seconds":"1674008270","unity_version":"2021.3.9f1","command_line_arguments":"D:\\2021.3.9f1\\Editor\\Unity.exe -projectpath D:\\Unity\\Unity 2021 Editor Test -useHub -hubIPC -cloudEnvironment production -licensingIpc LicenseClient-ali -hubSessionId 239fddc0-8b1f-11ed-aa78-635b7114e295 -accessToken RgdIrueTsEJf9c31E5bPp9sw6YJ4HlhF85y4VjdZLfQ002f","communication_protocol_version":"1.5.0","com.unity.ml-agents_version":"2.0.1","scene_name":"Playground","end_time_seconds":"1674008612"}}