{"count":1,"self":618.0271616,"total":631.3217536,"children":{"InitializeActuators":{"count":1,"self":0.0009999,"total":0.0009999,"children":null},"InitializeSensors":{"count":1,"self":0.00099969999999999985,"total":0.00099969999999999985,"children":null},"AgentSendState":{"count":37581,"self":0.10699879999999999,"total":0.2949997,"children":{"CollectObservations":{"count":18791,"self":0.11999939999999999,"total":0.11999939999999999,"children":null},"WriteActionMask":{"count":18791,"self":0.019,"total":0.019,"children":null},"RequestDecision":{"count":18791,"self":0.049001499999999996,"total":0.049001499999999996,"children":null}}},"DecideAction":{"count":37581,"self":11.6515632,"total":11.651563399999999,"children":null},"AgentAct":{"count":37581,"self":1.3460193,"total":1.3460193,"children":null}},"gauges":{"Drecon.CumulativeReward":{"count":55,"max":2605.75342,"min":54.25032,"runningAverage":568.51886,"value":339.9031,"weightedAverage":430.111145}},"metadata":{"timer_format_version":"0.1.0","start_time_seconds":"1686525159","unity_version":"2021.3.9f1","command_line_arguments":"D:\\2021.3.9f1\\Editor\\Unity.exe -projectpath D:\\Unity\\Unity 2021 Editor Test -useHub -hubIPC -cloudEnvironment production -licensingIpc LicenseClient-ali -hubSessionId 02d9c780-fcf4-11ed-80d1-d5fbd9d71ff1 -accessToken rA1hSevU5kSDNS0Dw48rD1HrG0GGtpIfcdXD5kZAfyg002f","communication_protocol_version":"1.5.0","com.unity.ml-agents_version":"2.0.1","scene_name":"Playground","end_time_seconds":"1686525791"}}