{"count":1,"self":97.346892799999992,"total":111.04578599999999,"children":{"InitializeActuators":{"count":2,"self":0.0009966,"total":0.0009966,"children":null},"InitializeSensors":{"count":2,"self":0.0009964,"total":0.0009964,"children":null},"AgentSendState":{"count":6630,"self":0.018933099999999998,"total":0.1305631,"children":{"CollectObservations":{"count":6408,"self":0.0398715,"total":0.0398715,"children":null},"WriteActionMask":{"count":6408,"self":0.0039866,"total":0.0039866,"children":null},"RequestDecision":{"count":6408,"self":0.0139542,"total":0.0677719,"children":{"AgentInfo.ToProto":{"count":6408,"self":0.0119603,"total":0.053817699999999996,"children":{"GenerateSensorData":{"count":6408,"self":0.041857399999999996,"total":0.041857399999999996,"children":null}}}}}}},"DecideAction":{"count":6630,"self":13.339855199999999,"total":13.339855199999999,"children":null},"AgentAct":{"count":6630,"self":0.2224921,"total":0.2224921,"children":null},"AgentInfo.ToProto":{"count":403,"self":0,"total":0.0039870999999999995,"children":{"GenerateSensorData":{"count":403,"self":0.0039870999999999995,"total":0.0039870999999999995,"children":null}}}},"gauges":{"Drecon.CumulativeReward":{"count":403,"max":9.322701,"min":0.008063885,"runningAverage":1.43095243,"value":0.233916223,"weightedAverage":1.98293161}},"metadata":{"timer_format_version":"0.1.0","start_time_seconds":"1672136956","unity_version":"2021.3.9f1","command_line_arguments":"D:\\2021.3.9f1\\Editor\\Unity.exe -projectpath D:\\Unity\\Unity 2021 Editor Test -useHub -hubIPC -cloudEnvironment production -licensingIpc LicenseClient-ali -hubSessionId d33808b0-85d0-11ed-866f-e19d9cfbb823 -accessToken vjov587rE8qYeW-2iAu-jCApWh81dtSOmWin0N7z2hk002f","communication_protocol_version":"1.5.0","com.unity.ml-agents_version":"2.0.1","scene_name":"Playground","end_time_seconds":"1672137067"}}