{"count":1,"self":722.01671679999993,"total":744.4243642,"children":{"InitializeActuators":{"count":1,"self":0.0010002,"total":0.0010002,"children":null},"InitializeSensors":{"count":1,"self":0.0010000999999999999,"total":0.0010000999999999999,"children":null},"AgentSendState":{"count":44360,"self":0.22366339999999998,"total":0.43045439999999996,"children":{"CollectObservations":{"count":22180,"self":0.12606409999999998,"total":0.12606409999999998,"children":null},"WriteActionMask":{"count":22180,"self":0.020817799999999997,"total":0.020817799999999997,"children":null},"RequestDecision":{"count":22180,"self":0.0599091,"total":0.0599091,"children":null}}},"DecideAction":{"count":44360,"self":19.923273599999998,"total":19.9232731,"children":null},"AgentAct":{"count":44360,"self":2.05191,"total":2.0519100999999997,"children":null}},"gauges":{"Drecon.CumulativeReward":{"count":48,"max":3655.212,"min":31.8115768,"runningAverage":735.992554,"value":181.27861,"weightedAverage":858.444336}},"metadata":{"timer_format_version":"0.1.0","start_time_seconds":"1686557380","unity_version":"2021.3.9f1","command_line_arguments":"D:\\2021.3.9f1\\Editor\\Unity.exe -projectpath D:\\Unity\\Unity 2021 Editor Test -useHub -hubIPC -cloudEnvironment production -licensingIpc LicenseClient-ali -hubSessionId 02d9c780-fcf4-11ed-80d1-d5fbd9d71ff1 -accessToken HWVEiuzh-rLd86-u_-s-2FcOhaVKFxt6J9Pe-0vT_Ac002f","communication_protocol_version":"1.5.0","com.unity.ml-agents_version":"2.0.1","scene_name":"Playground","end_time_seconds":"1686558125"}}