{"count":1,"self":681.3018624,"total":682.16741489999993,"children":{"InitializeActuators":{"count":1,"self":0,"total":0,"children":null},"InitializeSensors":{"count":1,"self":0.0009965,"total":0.0009965,"children":null},"AgentSendState":{"count":640,"self":0,"total":0.0139525,"children":{"CollectObservations":{"count":307,"self":0.0069755999999999993,"total":0.0069755999999999993,"children":null},"WriteActionMask":{"count":307,"self":0.0009965,"total":0.0009965,"children":null},"RequestDecision":{"count":307,"self":0.0059803999999999994,"total":0.0059803999999999994,"children":null}}},"DecideAction":{"count":640,"self":0.82666639999999991,"total":0.82666639999999991,"children":null},"AgentAct":{"count":640,"self":0.022922099999999997,"total":0.022922099999999997,"children":null}},"gauges":{"Drecon.CumulativeReward":{"count":29,"max":4.625847,"min":-0.393043339,"runningAverage":0.753546536,"value":-0.143234551,"weightedAverage":0.391238272}},"metadata":{"timer_format_version":"0.1.0","start_time_seconds":"1673767492","unity_version":"2021.3.9f1","command_line_arguments":"D:\\2021.3.9f1\\Editor\\Unity.exe -projectpath D:\\Unity\\Unity 2021 Editor Test -useHub -hubIPC -cloudEnvironment production -licensingIpc LicenseClient-ali -hubSessionId 239fddc0-8b1f-11ed-aa78-635b7114e295 -accessToken 4EUIIv1o9rq7gTjXIeNvw2fF9NgFth6qnxJsjC-uTf8002f","communication_protocol_version":"1.5.0","com.unity.ml-agents_version":"2.0.1","scene_name":"Playground","end_time_seconds":"1673768174"}}