{"count":1,"self":439.2258048,"total":543.3974987,"children":{"InitializeActuators":{"count":1,"self":0.0035039999999999997,"total":0.0035039999999999997,"children":null},"InitializeSensors":{"count":1,"self":0.0030004999999999997,"total":0.0030004999999999997,"children":null},"AgentSendState":{"count":16101,"self":0.6661695,"total":10.205135499999999,"children":{"CollectObservations":{"count":14252,"self":8.3419432,"total":8.3419431,"children":null},"WriteActionMask":{"count":14252,"self":0.0957455,"total":0.0957455,"children":null},"RequestDecision":{"count":14252,"self":0.2672444,"total":1.1012773999999999,"children":{"AgentInfo.ToProto":{"count":14252,"self":0.22624919999999998,"total":0.83403299999999991,"children":{"GenerateSensorData":{"count":14252,"self":0.6077838,"total":0.6077838,"children":null}}}}}}},"DecideAction":{"count":16101,"self":92.1964096,"total":92.1964105,"children":null},"AgentAct":{"count":16101,"self":1.6362318999999999,"total":1.6362318999999999,"children":null},"AgentInfo.ToProto":{"count":1848,"self":0.042918899999999996,"total":0.1263882,"children":{"GenerateSensorData":{"count":1848,"self":0.0834693,"total":0.0834693,"children":null}}}},"gauges":{"Drecon.CumulativeReward":{"count":1848,"max":263.558136,"min":0.928593934,"runningAverage":14.0032854,"value":6.8293,"weightedAverage":9.633769}},"metadata":{"timer_format_version":"0.1.0","start_time_seconds":"1664269006","unity_version":"2021.3.9f1","command_line_arguments":"C:\\Program Files\\Unity\\Hub\\Editor\\2021.3.9f1\\Editor\\Unity.exe -projectpath C:\\Unity Projects\\Drecon -useHub -hubIPC -cloudEnvironment production -licensingIpc LicenseClient-Shadow -hubSessionId 2dc86e70-3e1c-11ed-b1fd-4f5c2bfcccd2 -accessToken QPL_RELAq5uKwqx7lHlSQ8Vw4xdjHzWKFsYZ4U5FyjY002f","communication_protocol_version":"1.5.0","com.unity.ml-agents_version":"2.0.1","scene_name":"Playground","end_time_seconds":"1664269550"}}