{"count":1,"self":59.9788096,"total":72.5724448,"children":{"InitializeActuators":{"count":1,"self":0.00099629999999999988,"total":0.00099629999999999988,"children":null},"InitializeSensors":{"count":1,"self":0.00099669999999999989,"total":0.00099669999999999989,"children":null},"AgentSendState":{"count":4215,"self":0.018938299999999998,"total":0.0927532,"children":{"CollectObservations":{"count":2147,"self":0.030904599999999997,"total":0.030904599999999997,"children":null},"WriteActionMask":{"count":2147,"self":0.001993,"total":0.001993,"children":null},"RequestDecision":{"count":2147,"self":0.0059800999999999995,"total":0.0409173,"children":{"AgentInfo.ToProto":{"count":2147,"self":0.009993,"total":0.0349372,"children":{"GenerateSensorData":{"count":2147,"self":0.0249442,"total":0.0249442,"children":null}}}}}}},"DecideAction":{"count":4215,"self":12.391703999999999,"total":12.3917044,"children":null},"AgentAct":{"count":4215,"self":0.1041913,"total":0.1041913,"children":null},"AgentInfo.ToProto":{"count":74,"self":0.00099669999999999989,"total":0.0019944,"children":{"GenerateSensorData":{"count":74,"self":0.0009977,"total":0.0009977,"children":null}}}},"gauges":{"Drecon.CumulativeReward":{"count":74,"max":125.182961,"min":14.9175138,"runningAverage":48.4565773,"value":33.35913,"weightedAverage":39.5628662}},"metadata":{"timer_format_version":"0.1.0","start_time_seconds":"1677047661","unity_version":"2021.3.9f1","command_line_arguments":"D:\\2021.3.9f1\\Editor\\Unity.exe -projectpath D:\\Unity\\Unity 2021 Editor Test -useHub -hubIPC -cloudEnvironment production -licensingIpc LicenseClient-ali -hubSessionId 67e48a50-b070-11ed-a93e-3f493e8ddb1f -accessToken uz2yKHZIwOgqq833RpiQqfftlnm6Ja8Jnrrxvet8p4g002f","communication_protocol_version":"1.5.0","com.unity.ml-agents_version":"2.0.1","scene_name":"Playground","end_time_seconds":"1677047734"}}