{"count":1,"self":221.22296319999998,"total":224.753573,"children":{"InitializeActuators":{"count":8,"self":0,"total":0,"children":null},"InitializeSensors":{"count":8,"self":0.0010000999999999999,"total":0.0010000999999999999,"children":null},"AgentSendState":{"count":6321,"self":0.1079533,"total":0.3740848,"children":{"CollectObservations":{"count":50560,"self":0.1999737,"total":0.1999737,"children":null},"WriteActionMask":{"count":50560,"self":0.0159983,"total":0.0159983,"children":null},"RequestDecision":{"count":50560,"self":0.050159499999999996,"total":0.050159499999999996,"children":null}}},"DecideAction":{"count":6321,"self":1.1999705999999999,"total":1.1999705999999999,"children":null},"AgentAct":{"count":6321,"self":1.9555475999999998,"total":1.9555475999999998,"children":null}},"gauges":{"Drecon.CumulativeReward":{"count":1645,"max":11.8155336,"min":1.74702692,"runningAverage":6.655797,"value":6.421085,"weightedAverage":7.317453}},"metadata":{"timer_format_version":"0.1.0","start_time_seconds":"1671592852","unity_version":"2021.3.9f1","command_line_arguments":"D:\\2021.3.9f1\\Editor\\Unity.exe -projectpath D:\\Unity\\Unity 2021 Editor Test -useHub -hubIPC -cloudEnvironment production -licensingIpc LicenseClient-ali -hubSessionId 7d4c25a0-6d5a-11ed-8fc8-51a20371d6aa -accessToken 8dkuhO6Rfu0T4u3z1EyhPJnGYgHSHZcCZ2afdB_IMJE002f","communication_protocol_version":"1.5.0","com.unity.ml-agents_version":"2.0.1","scene_name":"Playground","end_time_seconds":"1671593077"}}