{"count":1,"self":114.76550399999999,"total":116.0464911,"children":{"InitializeActuators":{"count":1,"self":0.0009999,"total":0.0009999,"children":null},"InitializeSensors":{"count":1,"self":0.0010000999999999999,"total":0.0010000999999999999,"children":null},"AgentSendState":{"count":3247,"self":0.0220321,"total":0.038032699999999996,"children":{"CollectObservations":{"count":1624,"self":0.0069996999999999993,"total":0.0069996999999999993,"children":null},"WriteActionMask":{"count":1624,"self":0.0009999,"total":0.0009999,"children":null},"RequestDecision":{"count":1624,"self":0.008001,"total":0.008001,"children":null}}},"DecideAction":{"count":3247,"self":1.1277622,"total":1.1277622,"children":null},"AgentAct":{"count":3247,"self":0.11259849999999999,"total":0.11259849999999999,"children":null}},"gauges":{"Drecon.CumulativeReward":{"count":3,"max":3501.813,"min":1362.64478,"runningAverage":2297.96948,"value":3501.813,"weightedAverage":2022.463}},"metadata":{"timer_format_version":"0.1.0","start_time_seconds":"1683697427","unity_version":"2021.3.9f1","command_line_arguments":"D:\\2021.3.9f1\\Editor\\Unity.exe -projectpath D:\\Unity\\Unity 2021 Editor Test -useHub -hubIPC -cloudEnvironment production -licensingIpc LicenseClient-ali -hubSessionId 120baa30-e2d1-11ed-9a75-d323ef958f54 -accessToken 5-OvC5ZxOTkWr0cX6e89Y3fsdXvnqJ1Z1LYU-dieGFY002f","communication_protocol_version":"1.5.0","com.unity.ml-agents_version":"2.0.1","scene_name":"Playground","end_time_seconds":"1683697543"}}