{"count":1,"self":67.0538112,"total":68.39714339999999,"children":{"InitializeActuators":{"count":1,"self":0.0010000999999999999,"total":0.0010000999999999999,"children":null},"InitializeSensors":{"count":1,"self":0.0009996,"total":0.0009996,"children":null},"AgentSendState":{"count":1061,"self":0.0080007999999999989,"total":0.039003699999999995,"children":{"CollectObservations":{"count":1060,"self":0.013001799999999999,"total":0.013001799999999999,"children":null},"WriteActionMask":{"count":1060,"self":0.0050008,"total":0.0050008,"children":null},"RequestDecision":{"count":1060,"self":0.0130003,"total":0.0130003,"children":null}}},"DecideAction":{"count":1061,"self":1.1823238999999999,"total":1.1823238999999999,"children":null},"AgentAct":{"count":1061,"self":0.12000569999999999,"total":0.12000569999999999,"children":null}},"gauges":{"Drecon.CumulativeReward":{"count":51,"max":45.3255272,"min":1.5727222,"runningAverage":8.940921,"value":7.83974552,"weightedAverage":6.815486}},"metadata":{"timer_format_version":"0.1.0","start_time_seconds":"1675151138","unity_version":"2021.3.9f1","command_line_arguments":"D:\\2021.3.9f1\\Editor\\Unity.exe -projectpath D:\\Unity\\Unity 2021 Editor Test -useHub -hubIPC -cloudEnvironment production -licensingIpc LicenseClient-ali -hubSessionId 990b9c50-a11a-11ed-8170-0f16109c64c0 -accessToken XX337KQKX5K48eNbsdlFIgZjhS0qPL-zhSPlvraG8-4002f","communication_protocol_version":"1.5.0","com.unity.ml-agents_version":"2.0.1","scene_name":"Playground","end_time_seconds":"1675151206"}}