{
    "name": "root",
    "gauges": {
        "Drecon.Policy.Entropy.mean": {
            "value": 0.9655880331993103,
            "min": 0.9655880331993103,
            "max": 1.4440854787826538,
            "count": 289
        },
        "Drecon.Policy.Entropy.sum": {
            "value": 96587.7734375,
            "min": 96587.7734375,
            "max": 144488.1875,
            "count": 289
        },
        "Drecon.Environment.EpisodeLength.mean": {
            "value": 22.461556548318836,
            "min": 12.926054867010166,
            "max": 25.943203230148047,
            "count": 289
        },
        "Drecon.Environment.EpisodeLength.sum": {
            "value": 95529.0,
            "min": 92822.0,
            "max": 96506.0,
            "count": 289
        },
        "Drecon.Step.mean": {
            "value": 28899988.0,
            "min": 99984.0,
            "max": 28899988.0,
            "count": 289
        },
        "Drecon.Step.sum": {
            "value": 28899988.0,
            "min": 99984.0,
            "max": 28899988.0,
            "count": 289
        },
        "Drecon.Policy.ExtrinsicValueEstimate.mean": {
            "value": 22.917762756347656,
            "min": 4.2640299797058105,
            "max": 31.14798355102539,
            "count": 289
        },
        "Drecon.Policy.ExtrinsicValueEstimate.sum": {
            "value": 124260.109375,
            "min": 30142.427734375,
            "max": 162841.65625,
            "count": 289
        },
        "Drecon.Environment.CumulativeReward.mean": {
            "value": 43.84288063078817,
            "min": 18.661044039934623,
            "max": 52.98970423506856,
            "count": 289
        },
        "Drecon.Environment.CumulativeReward.sum": {
            "value": 186463.7713227421,
            "min": 129395.67937290668,
            "max": 201160.8011868894,
            "count": 289
        },
        "Drecon.Policy.ExtrinsicReward.mean": {
            "value": 43.84288063078817,
            "min": 18.661044039934623,
            "max": 52.98970423506856,
            "count": 289
        },
        "Drecon.Policy.ExtrinsicReward.sum": {
            "value": 186463.7713227421,
            "min": 129395.67937290668,
            "max": 201160.8011868894,
            "count": 289
        },
        "Drecon.Losses.PolicyLoss.mean": {
            "value": 0.01625432862274465,
            "min": 0.013892930204100493,
            "max": 0.020437906135703086,
            "count": 289
        },
        "Drecon.Losses.PolicyLoss.sum": {
            "value": 0.04876298586823395,
            "min": 0.029627838236046956,
            "max": 0.05960541201444963,
            "count": 289
        },
        "Drecon.Losses.ValueLoss.mean": {
            "value": 170.98609962463377,
            "min": 32.32577219009399,
            "max": 227.26525688171387,
            "count": 289
        },
        "Drecon.Losses.ValueLoss.sum": {
            "value": 512.9582988739013,
            "min": 64.65154438018799,
            "max": 650.5123161315918,
            "count": 289
        },
        "Drecon.Policy.LearningRate.mean": {
            "value": 0.0003000000000000001,
            "min": 0.0003000000000000001,
            "max": 0.0003000000000000001,
            "count": 289
        },
        "Drecon.Policy.LearningRate.sum": {
            "value": 0.0009000000000000002,
            "min": 0.0006000000000000002,
            "max": 0.0009000000000000002,
            "count": 289
        },
        "Drecon.Policy.Epsilon.mean": {
            "value": 0.19999999999999993,
            "min": 0.19999999999999993,
            "max": 0.19999999999999993,
            "count": 289
        },
        "Drecon.Policy.Epsilon.sum": {
            "value": 0.5999999999999998,
            "min": 0.39999999999999986,
            "max": 0.5999999999999998,
            "count": 289
        },
        "Drecon.Policy.Beta.mean": {
            "value": 0.005000000000000001,
            "min": 0.005000000000000001,
            "max": 0.005000000000000001,
            "count": 289
        },
        "Drecon.Policy.Beta.sum": {
            "value": 0.015000000000000003,
            "min": 0.010000000000000002,
            "max": 0.015000000000000003,
            "count": 289
        },
        "Drecon.IsTraining.mean": {
            "value": 1.0,
            "min": 1.0,
            "max": 1.0,
            "count": 289
        },
        "Drecon.IsTraining.sum": {
            "value": 1.0,
            "min": 1.0,
            "max": 1.0,
            "count": 289
        }
    },
    "metadata": {
        "timer_format_version": "0.1.0",
        "start_time_seconds": "1676020655",
        "python_version": "3.9.0 (tags/v3.9.0:9cf6752, Oct  5 2020, 15:34:40) [MSC v.1927 64 bit (AMD64)]",
        "command_line_arguments": "C:\\Users\\ali\\AppData\\Local\\Programs\\Python\\Python39\\Scripts\\mlagents-learn Assets\\config\\Drecon_more_layers.yaml --env=Builds\\Drecon --run-id=60fpsNoReset --force --time-scale 1 --capture-frame-rate=0 --no-graphics --num-env=12",
        "mlagents_version": "0.28.0",
        "mlagents_envs_version": "0.28.0",
        "communication_protocol_version": "1.5.0",
        "pytorch_version": "1.7.1+cu110",
        "numpy_version": "1.23.4",
        "end_time_seconds": "1676060428"
    },
    "total": 39773.1454262,
    "count": 1,
    "self": 10.012749599991366,
    "children": {
        "run_training.setup": {
            "total": 0.49731819999999993,
            "count": 1,
            "self": 0.49731819999999993
        },
        "TrainerController.start_learning": {
            "total": 39762.6353584,
            "count": 1,
            "self": 119.2189621016878,
            "children": {
                "TrainerController._reset_env": {
                    "total": 3.5678219,
                    "count": 1,
                    "self": 3.5678219
                },
                "TrainerController.advance": {
                    "total": 39639.80076699832,
                    "count": 9334162,
                    "self": 108.2481867856477,
                    "children": {
                        "env_step": {
                            "total": 31949.02185371313,
                            "count": 9334162,
                            "self": 11050.326247308021,
                            "children": {
                                "SubprocessEnvManager._take_step": {
                                    "total": 20813.398568204095,
                                    "count": 14808045,
                                    "self": 510.4995856000787,
                                    "children": {
                                        "TorchPolicy.evaluate": {
                                            "total": 20302.898982604016,
                                            "count": 14808045,
                                            "self": 11095.22978029145,
                                            "children": {
                                                "TorchPolicy.sample_actions": {
                                                    "total": 9207.669202312565,
                                                    "count": 14808045,
                                                    "self": 9207.669202312565
                                                }
                                            }
                                        }
                                    }
                                },
                                "workers": {
                                    "total": 85.29703820101483,
                                    "count": 9334161,
                                    "self": 0.0,
                                    "children": {
                                        "worker_root": {
                                            "total": 476835.7701503596,