{
    "name": "root",
    "gauges": {
        "Drecon.Policy.Entropy.mean": {
            "value": 1.5722883939743042,
            "min": 1.5703356266021729,
            "max": 1.5722883939743042,
            "count": 2
        },
        "Drecon.Policy.Entropy.sum": {
            "value": 157307.453125,
            "min": 157307.453125,
            "max": 157391.59375,
            "count": 2
        },
        "Drecon.Environment.EpisodeLength.mean": {
            "value": 99.23123123123123,
            "min": 97.29681274900399,
            "max": 99.23123123123123,
            "count": 2
        },
        "Drecon.Environment.EpisodeLength.sum": {
            "value": 99132.0,
            "min": 97686.0,
            "max": 99132.0,
            "count": 2
        },
        "Drecon.Step.mean": {
            "value": 199973.0,
            "min": 99970.0,
            "max": 199973.0,
            "count": 2
        },
        "Drecon.Step.sum": {
            "value": 199973.0,
            "min": 99970.0,
            "max": 199973.0,
            "count": 2
        },
        "Drecon.Policy.ExtrinsicValueEstimate.mean": {
            "value": 121.99433898925781,
            "min": 121.99433898925781,
            "max": 132.984375,
            "count": 2
        },
        "Drecon.Policy.ExtrinsicValueEstimate.sum": {
            "value": 441619.5,
            "min": 441619.5,
            "max": 483664.15625,
            "count": 2
        },
        "Drecon.Environment.CumulativeReward.mean": {
            "value": 294.1666261583,
            "min": 287.05783991702646,
            "max": 294.1666261583,
            "count": 2
        },
        "Drecon.Environment.CumulativeReward.sum": {
            "value": 293872.4595321417,
            "min": 288206.07127669454,
            "max": 293872.4595321417,
            "count": 2
        },
        "Drecon.Policy.ExtrinsicReward.mean": {
            "value": 294.1666261583,
            "min": 287.05783991702646,
            "max": 294.1666261583,
            "count": 2
        },
        "Drecon.Policy.ExtrinsicReward.sum": {
            "value": 293872.4595321417,
            "min": 288206.07127669454,
            "max": 293872.4595321417,
            "count": 2
        },
        "Drecon.Losses.PolicyLoss.mean": {
            "value": 0.017408306024663034,
            "min": 0.0167771428036455,
            "max": 0.017408306024663034,
            "count": 2
        },
        "Drecon.Losses.PolicyLoss.sum": {
            "value": 0.03481661204932607,
            "min": 0.033554285607291,
            "max": 0.03481661204932607,
            "count": 2
        },
        "Drecon.Losses.ValueLoss.mean": {
            "value": 1329.1220977783203,
            "min": 1329.1220977783203,
            "max": 1554.4606536865235,
            "count": 2
        },
        "Drecon.Losses.ValueLoss.sum": {
            "value": 2658.2441955566405,
            "min": 2658.2441955566405,
            "max": 3108.921307373047,
            "count": 2
        },
        "Drecon.Policy.LearningRate.mean": {
            "value": 0.0003000000000000001,
            "min": 0.0003000000000000001,
            "max": 0.0003000000000000001,
            "count": 2
        },
        "Drecon.Policy.LearningRate.sum": {
            "value": 0.0006000000000000002,
            "min": 0.0006000000000000002,
            "max": 0.0006000000000000002,
            "count": 2
        },
        "Drecon.Policy.Epsilon.mean": {
            "value": 0.19999999999999993,
            "min": 0.19999999999999993,
            "max": 0.19999999999999993,
            "count": 2
        },
        "Drecon.Policy.Epsilon.sum": {
            "value": 0.39999999999999986,
            "min": 0.39999999999999986,
            "max": 0.39999999999999986,
            "count": 2
        },
        "Drecon.Policy.Beta.mean": {
            "value": 0.005000000000000001,
            "min": 0.005000000000000001,
            "max": 0.005000000000000001,
            "count": 2
        },
        "Drecon.Policy.Beta.sum": {
            "value": 0.010000000000000002,
            "min": 0.010000000000000002,
            "max": 0.010000000000000002,
            "count": 2
        },
        "Drecon.IsTraining.mean": {
            "value": 1.0,
            "min": 1.0,
            "max": 1.0,
            "count": 2
        },
        "Drecon.IsTraining.sum": {
            "value": 1.0,
            "min": 1.0,
            "max": 1.0,
            "count": 2
        }
    },
    "metadata": {
        "timer_format_version": "0.1.0",
        "start_time_seconds": "1678654938",
        "python_version": "3.9.0 (tags/v3.9.0:9cf6752, Oct  5 2020, 15:34:40) [MSC v.1927 64 bit (AMD64)]",
        "command_line_arguments": "C:\\Users\\ali\\AppData\\Local\\Programs\\Python\\Python39\\Scripts\\mlagents-learn Assets\\config\\Drecon_more_layers.yaml --env=Builds/Drecon --run-id=CoMVelFixed+Try4 --no-graphics --num-env=10 --time-scale 1 --capture-frame-rate=0 --initialize-from=CoMVelFixed",
        "mlagents_version": "0.28.0",
        "mlagents_envs_version": "0.28.0",
        "communication_protocol_version": "1.5.0",
        "pytorch_version": "1.7.1+cu110",
        "numpy_version": "1.23.4",
        "end_time_seconds": "1678655416"
    },
    "total": 478.1229388,
    "count": 1,
    "self": 4.253106399999979,
    "children": {
        "run_training.setup": {
            "total": 0.38960039999999996,
            "count": 1,
            "self": 0.38960039999999996
        },
        "TrainerController.start_learning": {
            "total": 473.480232,
            "count": 1,
            "self": 1.5153759000060631,
            "children": {
                "TrainerController._reset_env": {
                    "total": 3.3493827000000005,
                    "count": 1,
                    "self": 3.3493827000000005
                },
                "TrainerController.advance": {
                    "total": 468.578864299994,
                    "count": 97207,
                    "self": 0.7070802999870693,
                    "children": {
                        "env_step": {
                            "total": 467.8717840000069,
                            "count": 97207,
                            "self": 203.49789570000866,
                            "children": {
                                "SubprocessEnvManager._take_step": {
                                    "total": 263.47690259999905,
                                    "count": 142236,
                                    "self": 5.421459099998174,
                                    "children": {
                                        "TorchPolicy.evaluate": {
                                            "total": 258.0554435000009,
                                            "count": 142236,
                                            "self": 110.04904270000412,
                                            "children": {
                                                "TorchPolicy.sample_actions": {
                                                    "total": 148.00640079999675,
                                                    "count": 142236,
                                                    "self": 148.00640079999675
                                                }
                                            }
                                        }
                                    }
                                },
                                "workers": {
                                    "total": 0.8969856999992079,
                                    "count": 97206,
                                    "self": 0.0,
                                    "children": {
                                        "worker_root": {
                                            "total": 4706.287986699961,
                                            "count": 142226,