{
    "name": "root",
    "gauges": {
        "Drecon.Policy.Entropy.mean": {
            "value": 1.4195572137832642,
            "min": 1.4195572137832642,
            "max": 1.4195572137832642,
            "count": 1
        },
        "Drecon.Policy.Entropy.sum": {
            "value": 14204.08984375,
            "min": 14204.08984375,
            "max": 14204.08984375,
            "count": 1
        },
        "Drecon.Environment.EpisodeLength.mean": {
            "value": 7.784899034240562,
            "min": 7.784899034240562,
            "max": 7.784899034240562,
            "count": 1
        },
        "Drecon.Environment.EpisodeLength.sum": {
            "value": 8867.0,
            "min": 8867.0,
            "max": 8867.0,
            "count": 1
        },
        "Drecon.Step.mean": {
            "value": 9997.0,
            "min": 9997.0,
            "max": 9997.0,
            "count": 1
        },
        "Drecon.Step.sum": {
            "value": 9997.0,
            "min": 9997.0,
            "max": 9997.0,
            "count": 1
        },
        "Drecon.Policy.ExtrinsicValueEstimate.mean": {
            "value": 0.13538438081741333,
            "min": 0.13538438081741333,
            "max": 0.13538438081741333,
            "count": 1
        },
        "Drecon.Policy.ExtrinsicValueEstimate.sum": {
            "value": 154.6089630126953,
            "min": 154.6089630126953,
            "max": 154.6089630126953,
            "count": 1
        },
        "Drecon.Environment.CumulativeReward.mean": {
            "value": 0.5458102019981184,
            "min": 0.5458102019981184,
            "max": 0.5458102019981184,
            "count": 1
        },
        "Drecon.Environment.CumulativeReward.sum": {
            "value": 621.1320098738587,
            "min": 621.1320098738587,
            "max": 621.1320098738587,
            "count": 1
        },
        "Drecon.Policy.ExtrinsicReward.mean": {
            "value": 0.5458102019981184,
            "min": 0.5458102019981184,
            "max": 0.5458102019981184,
            "count": 1
        },
        "Drecon.Policy.ExtrinsicReward.sum": {
            "value": 621.1320098738587,
            "min": 621.1320098738587,
            "max": 621.1320098738587,
            "count": 1
        },
        "Drecon.Losses.PolicyLoss.mean": {
            "value": 0.03272807839869832,
            "min": 0.03272807839869832,
            "max": 0.03272807839869832,
            "count": 1
        },
        "Drecon.Losses.PolicyLoss.sum": {
            "value": 0.03272807839869832,
            "min": 0.03272807839869832,
            "max": 0.03272807839869832,
            "count": 1
        },
        "Drecon.Losses.ValueLoss.mean": {
            "value": 0.944686883687973,
            "min": 0.944686883687973,
            "max": 0.944686883687973,
            "count": 1
        },
        "Drecon.Losses.ValueLoss.sum": {
            "value": 0.944686883687973,
            "min": 0.944686883687973,
            "max": 0.944686883687973,
            "count": 1
        },
        "Drecon.Policy.LearningRate.mean": {
            "value": 0.0002999487100170966,
            "min": 0.0002999487100170966,
            "max": 0.0002999487100170966,
            "count": 1
        },
        "Drecon.Policy.LearningRate.sum": {
            "value": 0.0002999487100170966,
            "min": 0.0002999487100170966,
            "max": 0.0002999487100170966,
            "count": 1
        },
        "Drecon.Policy.Epsilon.mean": {
            "value": 0.19998290333333343,
            "min": 0.19998290333333343,
            "max": 0.19998290333333343,
            "count": 1
        },
        "Drecon.Policy.Epsilon.sum": {
            "value": 0.19998290333333343,
            "min": 0.19998290333333343,
            "max": 0.19998290333333343,
            "count": 1
        },
        "Drecon.Policy.Beta.mean": {
            "value": 0.004999146876333332,
            "min": 0.004999146876333332,
            "max": 0.004999146876333332,
            "count": 1
        },
        "Drecon.Policy.Beta.sum": {
            "value": 0.004999146876333332,
            "min": 0.004999146876333332,
            "max": 0.004999146876333332,
            "count": 1
        },
        "Drecon.IsTraining.mean": {
            "value": 1.0,
            "min": 1.0,
            "max": 1.0,
            "count": 1
        },
        "Drecon.IsTraining.sum": {
            "value": 1.0,
            "min": 1.0,
            "max": 1.0,
            "count": 1
        }
    },
    "metadata": {
        "timer_format_version": "0.1.0",
        "start_time_seconds": "1668587060",
        "python_version": "3.9.0 (tags/v3.9.0:9cf6752, Oct  5 2020, 15:34:40) [MSC v.1927 64 bit (AMD64)]",
        "command_line_arguments": "C:\\Users\\ali\\AppData\\Local\\Programs\\Python\\Python39\\Scripts\\mlagents-learn Assets\\config\\Drecon.yaml --run-id=pcTest2",
        "mlagents_version": "0.28.0",
        "mlagents_envs_version": "0.28.0",
        "communication_protocol_version": "1.5.0",
        "pytorch_version": "1.7.1+cu110",
        "numpy_version": "1.23.4",
        "end_time_seconds": "1668587247"
    },
    "total": 186.8711959,
    "count": 1,
    "self": 0.0022319000000265987,
    "children": {
        "run_training.setup": {
            "total": 0.04047400000000001,
            "count": 1,
            "self": 0.04047400000000001
        },
        "TrainerController.start_learning": {
            "total": 186.82849,
            "count": 1,
            "self": 0.12722330000050874,
            "children": {
                "TrainerController._reset_env": {
                    "total": 15.2808384,
                    "count": 1,
                    "self": 15.2808384
                },
                "TrainerController.advance": {
                    "total": 171.32296209999947,
                    "count": 13770,
                    "self": 0.10265510000220956,
                    "children": {
                        "env_step": {
                            "total": 165.89592149999854,
                            "count": 13770,
                            "self": 139.14491859999936,
                            "children": {
                                "SubprocessEnvManager._take_step": {
                                    "total": 26.677024699999684,
                                    "count": 13770,
                                    "self": 0.3386515999992774,
                                    "children": {
                                        "TorchPolicy.evaluate": {
                                            "total": 26.338373100000407,
                                            "count": 12379,
                                            "self": 20.227239800000742,
                                            "children": {
                                                "TorchPolicy.sample_actions": {
                                                    "total": 6.111133299999665,
                                                    "count": 12379,
                                                    "self": 6.111133299999665
                                                }
                                            }
                                        }
                                    }
                                },
                                "workers": {
                                    "total": 0.07397819999948752,
                                    "count": 13769,
                                    "self": 0.0,
                                    "children": {
                                        "worker_root": {
                                            "total": 167.71698420000155,
                                            "count": 13769,
                                            "is_parallel": true,
                                            "self": 39.09039760000198,