{
    "name": "root",
    "gauges": {
        "Drecon.Policy.Entropy.mean": {
            "value": 1.4180454015731812,
            "min": 1.3280553817749023,
            "max": 1.4180454015731812,
            "count": 303
        },
        "Drecon.Policy.Entropy.sum": {
            "value": 141744.984375,
            "min": 30164.54296875,
            "max": 141744.984375,
            "count": 303
        },
        "Drecon.Environment.EpisodeLength.mean": {
            "value": 137.2534435261708,
            "min": 76.68181818181819,
            "max": 153.75613496932516,
            "count": 303
        },
        "Drecon.Environment.EpisodeLength.sum": {
            "value": 99646.0,
            "min": 18557.0,
            "max": 101956.0,
            "count": 303
        },
        "Drecon.Step.mean": {
            "value": 40399981.0,
            "min": 10199991.0,
            "max": 40399981.0,
            "count": 303
        },
        "Drecon.Step.sum": {
            "value": 40399981.0,
            "min": 10199991.0,
            "max": 40399981.0,
            "count": 303
        },
        "Drecon.Policy.ExtrinsicValueEstimate.mean": {
            "value": 148.09425354003906,
            "min": 79.26907348632812,
            "max": 165.50765991210938,
            "count": 303
        },
        "Drecon.Policy.ExtrinsicValueEstimate.sum": {
            "value": 512998.5,
            "min": 78139.28125,
            "max": 565539.6875,
            "count": 303
        },
        "Drecon.Environment.CumulativeReward.mean": {
            "value": 375.07430564207806,
            "min": 203.90801539857034,
            "max": 436.3378478772141,
            "count": 303
        },
        "Drecon.Environment.CumulativeReward.sum": {
            "value": 272303.9458961487,
            "min": 49345.73972645402,
            "max": 285605.5498096943,
            "count": 303
        },
        "Drecon.Policy.ExtrinsicReward.mean": {
            "value": 375.07430564207806,
            "min": 203.90801539857034,
            "max": 436.3378478772141,
            "count": 303
        },
        "Drecon.Policy.ExtrinsicReward.sum": {
            "value": 272303.9458961487,
            "min": 49345.73972645402,
            "max": 285605.5498096943,
            "count": 303
        },
        "Drecon.IsTraining.mean": {
            "value": 1.0,
            "min": 1.0,
            "max": 1.0,
            "count": 303
        },
        "Drecon.IsTraining.sum": {
            "value": 1.0,
            "min": 1.0,
            "max": 1.0,
            "count": 303
        },
        "Drecon.Losses.PolicyLoss.mean": {
            "value": 0.017444774856752096,
            "min": 0.013710154852257498,
            "max": 0.020308698408158913,
            "count": 302
        },
        "Drecon.Losses.PolicyLoss.sum": {
            "value": 0.03488954971350419,
            "min": 0.027420309704514995,
            "max": 0.06017598097629767,
            "count": 302
        },
        "Drecon.Losses.ValueLoss.mean": {
            "value": 612.8655268351237,
            "min": 414.8731689453125,
            "max": 740.784493001302,
            "count": 302
        },
        "Drecon.Losses.ValueLoss.sum": {
            "value": 1225.7310536702473,
            "min": 875.8613438924153,
            "max": 2144.4935872395836,
            "count": 302
        },
        "Drecon.Policy.LearningRate.mean": {
            "value": 0.0003000000000000001,
            "min": 0.0003000000000000001,
            "max": 0.0003000000000000001,
            "count": 302
        },
        "Drecon.Policy.LearningRate.sum": {
            "value": 0.0006000000000000002,
            "min": 0.0006000000000000002,
            "max": 0.0009000000000000002,
            "count": 302
        },
        "Drecon.Policy.Epsilon.mean": {
            "value": 0.19999999999999993,
            "min": 0.19999999999999993,
            "max": 0.19999999999999993,
            "count": 302
        },
        "Drecon.Policy.Epsilon.sum": {
            "value": 0.39999999999999986,
            "min": 0.39999999999999986,
            "max": 0.5999999999999998,
            "count": 302
        },
        "Drecon.Policy.Beta.mean": {
            "value": 0.005000000000000001,
            "min": 0.005000000000000001,
            "max": 0.005000000000000001,
            "count": 302
        },
        "Drecon.Policy.Beta.sum": {
            "value": 0.010000000000000002,
            "min": 0.010000000000000002,
            "max": 0.015000000000000003,
            "count": 302
        }
    },
    "metadata": {
        "timer_format_version": "0.1.0",
        "start_time_seconds": "1676436564",
        "python_version": "3.9.0 (tags/v3.9.0:9cf6752, Oct  5 2020, 15:34:40) [MSC v.1927 64 bit (AMD64)]",
        "command_line_arguments": "C:\\Users\\ali\\AppData\\Local\\Programs\\Python\\Python39\\Scripts\\mlagents-learn Assets\\config\\Drecon_more_layers.yaml --env=Builds\\Drecon --run-id=OutputNormalizationFixedV2 --time-scale=0 --capture-frame-rate=0 --no-graphics --num-env=12 --resume",
        "mlagents_version": "0.28.0",
        "mlagents_envs_version": "0.28.0",
        "communication_protocol_version": "1.5.0",
        "pytorch_version": "1.7.1+cu110",
        "numpy_version": "1.23.4",
        "end_time_seconds": "1676478504"
    },
    "total": 41940.2112559,
    "count": 1,
    "self": 4.380908900006034,
    "children": {
        "run_training.setup": {
            "total": 0.533331,
            "count": 1,
            "self": 0.533331
        },
        "TrainerController.start_learning": {
            "total": 41935.297016,
            "count": 1,
            "self": 130.8444496004813,
            "children": {
                "TrainerController._reset_env": {
                    "total": 5.756239999999999,
                    "count": 1,
                    "self": 5.756239999999999
                },
                "TrainerController.advance": {
                    "total": 41798.64429909951,
                    "count": 10441785,
                    "self": 104.92907759548689,
                    "children": {
                        "env_step": {
                            "total": 35454.71411469792,
                            "count": 10441785,
                            "self": 13788.97807329716,
                            "children": {
                                "SubprocessEnvManager._take_step": {
                                    "total": 21575.389648699133,
                                    "count": 15181296,
                                    "self": 518.548688792147,
                                    "children": {
                                        "TorchPolicy.evaluate": {
                                            "total": 21056.840959906986,
                                            "count": 15181296,
                                            "self": 12568.317203606694,
                                            "children": {
                                                "TorchPolicy.sample_actions": {
                                                    "total": 8488.523756300292,
                                                    "count": 15181296,
                                                    "self": 8488.523756300292
                                                }
                                            }
                                        }
                                    }
                                },
                                "workers": {
                                    "total": 90.346392701629,
                                    "count": 10441785,
                                    "self": 0.0,
                                    "children": {
                                        "worker_root": {
                                            "total": 502878.9105483958,