{
    "name": "root",
    "gauges": {
        "Drecon.Policy.Entropy.mean": {
            "value": 0.9321269392967224,
            "min": 0.9321269392967224,
            "max": 1.4442691802978516,
            "count": 273
        },
        "Drecon.Policy.Entropy.sum": {
            "value": 93296.5859375,
            "min": 93289.5078125,
            "max": 144551.125,
            "count": 273
        },
        "Drecon.Environment.EpisodeLength.mean": {
            "value": 127.48395378690628,
            "min": 43.37205162438807,
            "max": 131.86950732356857,
            "count": 273
        },
        "Drecon.Environment.EpisodeLength.sum": {
            "value": 99310.0,
            "min": 97363.0,
            "max": 101029.0,
            "count": 273
        },
        "Drecon.Step.mean": {
            "value": 27299992.0,
            "min": 99992.0,
            "max": 27299992.0,
            "count": 273
        },
        "Drecon.Step.sum": {
            "value": 27299992.0,
            "min": 99992.0,
            "max": 27299992.0,
            "count": 273
        },
        "Drecon.Policy.ExtrinsicValueEstimate.mean": {
            "value": 54.81206512451172,
            "min": 2.547520637512207,
            "max": 56.95517349243164,
            "count": 273
        },
        "Drecon.Policy.ExtrinsicValueEstimate.sum": {
            "value": 192171.09375,
            "min": 11280.4208984375,
            "max": 199741.796875,
            "count": 273
        },
        "Drecon.Environment.CumulativeReward.mean": {
            "value": 200.9585533383875,
            "min": 41.61638369170835,
            "max": 213.77453397881095,
            "count": 273
        },
        "Drecon.Environment.CumulativeReward.sum": {
            "value": 156546.71305060387,
            "min": 93512.01415526867,
            "max": 162371.01714092493,
            "count": 273
        },
        "Drecon.Policy.ExtrinsicReward.mean": {
            "value": 200.9585533383875,
            "min": 41.61638369170835,
            "max": 213.77453397881095,
            "count": 273
        },
        "Drecon.Policy.ExtrinsicReward.sum": {
            "value": 156546.71305060387,
            "min": 93512.01415526867,
            "max": 162371.01714092493,
            "count": 273
        },
        "Drecon.Losses.PolicyLoss.mean": {
            "value": 0.016750248804439455,
            "min": 0.012025558563558057,
            "max": 0.020028467543306762,
            "count": 273
        },
        "Drecon.Losses.PolicyLoss.sum": {
            "value": 0.050250746413318365,
            "min": 0.024051117127116113,
            "max": 0.059903983731055634,
            "count": 273
        },
        "Drecon.Losses.ValueLoss.mean": {
            "value": 45.46872465345594,
            "min": 21.646757634480792,
            "max": 51.16859451929729,
            "count": 273
        },
        "Drecon.Losses.ValueLoss.sum": {
            "value": 136.40617396036782,
            "min": 43.293515268961585,
            "max": 148.51868534088135,
            "count": 273
        },
        "Drecon.Policy.LearningRate.mean": {
            "value": 0.0003000000000000001,
            "min": 0.0003000000000000001,
            "max": 0.0003000000000000001,
            "count": 273
        },
        "Drecon.Policy.LearningRate.sum": {
            "value": 0.0009000000000000002,
            "min": 0.0006000000000000002,
            "max": 0.0009000000000000002,
            "count": 273
        },
        "Drecon.Policy.Epsilon.mean": {
            "value": 0.25,
            "min": 0.25,
            "max": 0.25,
            "count": 273
        },
        "Drecon.Policy.Epsilon.sum": {
            "value": 0.75,
            "min": 0.5,
            "max": 0.75,
            "count": 273
        },
        "Drecon.Policy.Beta.mean": {
            "value": 0.005000000000000001,
            "min": 0.005000000000000001,
            "max": 0.005000000000000001,
            "count": 273
        },
        "Drecon.Policy.Beta.sum": {
            "value": 0.015000000000000003,
            "min": 0.010000000000000002,
            "max": 0.015000000000000003,
            "count": 273
        },
        "Drecon.IsTraining.mean": {
            "value": 1.0,
            "min": 1.0,
            "max": 1.0,
            "count": 273
        },
        "Drecon.IsTraining.sum": {
            "value": 1.0,
            "min": 1.0,
            "max": 1.0,
            "count": 273
        }
    },
    "metadata": {
        "timer_format_version": "0.1.0",
        "start_time_seconds": "1675713373",
        "python_version": "3.9.0 (tags/v3.9.0:9cf6752, Oct  5 2020, 15:34:40) [MSC v.1927 64 bit (AMD64)]",
        "command_line_arguments": "C:\\Users\\ali\\AppData\\Local\\Programs\\Python\\Python39\\Scripts\\mlagents-learn Assets\\config\\Drecon_constant_lr.yaml --env=Builds\\Drecon --run-id=FixedWalking --time-scale 1 --capture-frame-rate=0 --no-graphics --num-env=12 --force",
        "mlagents_version": "0.28.0",
        "mlagents_envs_version": "0.28.0",
        "communication_protocol_version": "1.5.0",
        "pytorch_version": "1.7.1+cu110",
        "numpy_version": "1.23.4",
        "end_time_seconds": "1675742725"
    },
    "total": 29351.4916658,
    "count": 1,
    "self": 10.016413400000602,
    "children": {
        "run_training.setup": {
            "total": 0.4930952999999999,
            "count": 1,
            "self": 0.4930952999999999
        },
        "TrainerController.start_learning": {
            "total": 29340.9821571,
            "count": 1,
            "self": 95.11297980005838,
            "children": {
                "TrainerController._reset_env": {
                    "total": 3.4978385,
                    "count": 1,
                    "self": 3.4978385
                },
                "TrainerController.advance": {
                    "total": 29242.328195699938,
                    "count": 5205427,
                    "self": 69.73159340163329,
                    "children": {
                        "env_step": {
                            "total": 22698.888653497637,
                            "count": 5205427,
                            "self": 4832.878375496191,
                            "children": {
                                "SubprocessEnvManager._take_step": {
                                    "total": 17793.510992498304,
                                    "count": 13655288,
                                    "self": 527.3474911016856,
                                    "children": {
                                        "TorchPolicy.evaluate": {
                                            "total": 17266.16350139662,
                                            "count": 13655288,
                                            "self": 7871.461445798894,
                                            "children": {
                                                "TorchPolicy.sample_actions": {
                                                    "total": 9394.702055597725,
                                                    "count": 13655288,
                                                    "self": 9394.702055597725
                                                }
                                            }
                                        }
                                    }
                                },
                                "workers": {
                                    "total": 72.4992855031401,
                                    "count": 5205426,
                                    "self": 0.0,
                                    "children": {
                                        "worker_root": {
                                            "total": 351749.857852184,
                                            "count": 13655279,
                                            "is_parallel": true,