{
    "name": "root",
    "gauges": {
        "Drecon.Policy.Entropy.mean": {
            "value": 1.144008755683899,
            "min": 1.144008755683899,
            "max": 1.3836389780044556,
            "count": 318
        },
        "Drecon.Policy.Entropy.sum": {
            "value": 114653.703125,
            "min": 50648.10546875,
            "max": 138454.078125,
            "count": 318
        },
        "Drecon.Environment.EpisodeLength.mean": {
            "value": 45.35223048327138,
            "min": 30.182444061962133,
            "max": 50.50824742268041,
            "count": 318
        },
        "Drecon.Environment.EpisodeLength.sum": {
            "value": 97598.0,
            "min": 35072.0,
            "max": 98493.0,
            "count": 318
        },
        "Drecon.Step.mean": {
            "value": 38599892.0,
            "min": 6899971.0,
            "max": 38599892.0,
            "count": 318
        },
        "Drecon.Step.sum": {
            "value": 38599892.0,
            "min": 6899971.0,
            "max": 38599892.0,
            "count": 318
        },
        "Drecon.Policy.ExtrinsicValueEstimate.mean": {
            "value": 21.1357364654541,
            "min": 11.91420841217041,
            "max": 23.980247497558594,
            "count": 318
        },
        "Drecon.Policy.ExtrinsicValueEstimate.sum": {
            "value": 47280.640625,
            "min": 13832.3955078125,
            "max": 51310.8046875,
            "count": 318
        },
        "Drecon.Environment.CumulativeReward.mean": {
            "value": 54.84540553642216,
            "min": 34.10530423132332,
            "max": 64.74988629930105,
            "count": 318
        },
        "Drecon.Environment.CumulativeReward.sum": {
            "value": 118082.15811991692,
            "min": 39596.258212566376,
            "max": 125614.77942064404,
            "count": 318
        },
        "Drecon.Policy.ExtrinsicReward.mean": {
            "value": 54.84540553642216,
            "min": 34.10530423132332,
            "max": 64.74988629930105,
            "count": 318
        },
        "Drecon.Policy.ExtrinsicReward.sum": {
            "value": 118082.15811991692,
            "min": 39596.258212566376,
            "max": 125614.77942064404,
            "count": 318
        },
        "Drecon.IsTraining.mean": {
            "value": 1.0,
            "min": 1.0,
            "max": 1.0,
            "count": 318
        },
        "Drecon.IsTraining.sum": {
            "value": 1.0,
            "min": 1.0,
            "max": 1.0,
            "count": 318
        },
        "Drecon.Losses.PolicyLoss.mean": {
            "value": 0.015248275223711971,
            "min": 0.015006030786510867,
            "max": 0.02097577096161937,
            "count": 317
        },
        "Drecon.Losses.PolicyLoss.sum": {
            "value": 0.030496550447423942,
            "min": 0.030012061573021734,
            "max": 0.06257479905034416,
            "count": 317
        },
        "Drecon.Losses.ValueLoss.mean": {
            "value": 103.05551249186198,
            "min": 28.18864900800917,
            "max": 148.98878122965493,
            "count": 317
        },
        "Drecon.Losses.ValueLoss.sum": {
            "value": 206.11102498372395,
            "min": 56.57413670221965,
            "max": 389.5998892466227,
            "count": 317
        },
        "Drecon.Policy.LearningRate.mean": {
            "value": 0.0003000000000000001,
            "min": 0.0003000000000000001,
            "max": 0.0003000000000000001,
            "count": 317
        },
        "Drecon.Policy.LearningRate.sum": {
            "value": 0.0006000000000000002,
            "min": 0.0006000000000000002,
            "max": 0.0009000000000000002,
            "count": 317
        },
        "Drecon.Policy.Epsilon.mean": {
            "value": 0.25,
            "min": 0.25,
            "max": 0.25,
            "count": 317
        },
        "Drecon.Policy.Epsilon.sum": {
            "value": 0.5,
            "min": 0.5,
            "max": 0.75,
            "count": 317
        },
        "Drecon.Policy.Beta.mean": {
            "value": 0.005000000000000001,
            "min": 0.005000000000000001,
            "max": 0.005000000000000001,
            "count": 317
        },
        "Drecon.Policy.Beta.sum": {
            "value": 0.010000000000000002,
            "min": 0.010000000000000002,
            "max": 0.015000000000000003,
            "count": 317
        }
    },
    "metadata": {
        "timer_format_version": "0.1.0",
        "start_time_seconds": "1674463698",
        "python_version": "3.9.0 (tags/v3.9.0:9cf6752, Oct  5 2020, 15:34:40) [MSC v.1927 64 bit (AMD64)]",
        "command_line_arguments": "C:\\Users\\ali\\AppData\\Local\\Programs\\Python\\Python39\\Scripts\\mlagents-learn Assets\\config\\Drecon_constant_lr.yaml --env=Builds\\Drecon --run-id=AllJointsResetKin --time-scale 1 --capture-frame-rate=0 --no-graphics --num-env=10 --resume",
        "mlagents_version": "0.28.0",
        "mlagents_envs_version": "0.28.0",
        "communication_protocol_version": "1.5.0",
        "pytorch_version": "1.7.1+cu110",
        "numpy_version": "1.23.4",
        "end_time_seconds": "1674522677"
    },
    "total": 58979.3001492,
    "count": 1,
    "self": 10.019574799996917,
    "children": {
        "run_training.setup": {
            "total": 0.40432389999999996,
            "count": 1,
            "self": 0.40432389999999996
        },
        "TrainerController.start_learning": {
            "total": 58968.8762505,
            "count": 1,
            "self": 165.4863579039229,
            "children": {
                "TrainerController._reset_env": {
                    "total": 5.3107050000000005,
                    "count": 1,
                    "self": 5.3107050000000005
                },
                "TrainerController.advance": {
                    "total": 58798.040752396075,
                    "count": 12926812,
                    "self": 133.45476916676125,
                    "children": {
                        "env_step": {
                            "total": 50963.98537281537,
                            "count": 12926812,
                            "self": 25250.749788213063,
                            "children": {
                                "SubprocessEnvManager._take_step": {
                                    "total": 25605.576573999744,
                                    "count": 16441799,
                                    "self": 581.691677298506,
                                    "children": {
                                        "TorchPolicy.evaluate": {
                                            "total": 25023.884896701238,
                                            "count": 16059718,
                                            "self": 15228.52965340894,
                                            "children": {
                                                "TorchPolicy.sample_actions": {
                                                    "total": 9795.355243292299,
                                                    "count": 16059718,
                                                    "self": 9795.355243292299
                                                }
                                            }
                                        }
                                    }
                                },
                                "workers": {
                                    "total": 107.6590106025628,
                                    "count": 12926811,
                                    "self": 0.0,
                                    "children": {
                                        "worker_root": {
                                            "total": 589311.6373438055,
                                            "count": 16441789,