{
    "name": "root",
    "gauges": {
        "Drecon.Policy.Entropy.mean": {
            "value": 1.3393125534057617,
            "min": 1.3393125534057617,
            "max": 1.4355653524398804,
            "count": 157
        },
        "Drecon.Policy.Entropy.sum": {
            "value": 133939.296875,
            "min": 133939.296875,
            "max": 143564.328125,
            "count": 157
        },
        "Drecon.Environment.EpisodeLength.mean": {
            "value": 19.775654341503948,
            "min": 9.199694033656298,
            "max": 24.319574575841987,
            "count": 157
        },
        "Drecon.Environment.EpisodeLength.sum": {
            "value": 95200.0,
            "min": 90203.0,
            "max": 96038.0,
            "count": 157
        },
        "Drecon.Step.mean": {
            "value": 15699989.0,
            "min": 99996.0,
            "max": 15699989.0,
            "count": 157
        },
        "Drecon.Step.sum": {
            "value": 15699989.0,
            "min": 99996.0,
            "max": 15699989.0,
            "count": 157
        },
        "Drecon.Policy.ExtrinsicValueEstimate.mean": {
            "value": 6.3285017013549805,
            "min": 0.5087170600891113,
            "max": 9.202642440795898,
            "count": 157
        },
        "Drecon.Policy.ExtrinsicValueEstimate.sum": {
            "value": 30541.349609375,
            "min": 4987.4619140625,
            "max": 36341.234375,
            "count": 157
        },
        "Drecon.Environment.CumulativeReward.mean": {
            "value": 15.557281059747323,
            "min": 3.157174533448113,
            "max": 24.111819208332424,
            "count": 157
        },
        "Drecon.Environment.CumulativeReward.sum": {
            "value": 74892.75102162361,
            "min": 30952.939125925303,
            "max": 95217.57405370474,
            "count": 157
        },
        "Drecon.Policy.ExtrinsicReward.mean": {
            "value": 15.557281059747323,
            "min": 3.157174533448113,
            "max": 24.111819208332424,
            "count": 157
        },
        "Drecon.Policy.ExtrinsicReward.sum": {
            "value": 74892.75102162361,
            "min": 30952.939125925303,
            "max": 95217.57405370474,
            "count": 157
        },
        "Drecon.Losses.PolicyLoss.mean": {
            "value": 0.016531075961948874,
            "min": 0.014060048255729877,
            "max": 0.020306501228939546,
            "count": 157
        },
        "Drecon.Losses.PolicyLoss.sum": {
            "value": 0.04959322788584662,
            "min": 0.028120096511459754,
            "max": 0.05868035279296843,
            "count": 157
        },
        "Drecon.Losses.ValueLoss.mean": {
            "value": 32.66419979731242,
            "min": 1.415713483095169,
            "max": 42.209347041447955,
            "count": 157
        },
        "Drecon.Losses.ValueLoss.sum": {
            "value": 97.99259939193726,
            "min": 2.831426966190338,
            "max": 113.63181905746461,
            "count": 157
        },
        "Drecon.Policy.LearningRate.mean": {
            "value": 0.0003000000000000001,
            "min": 0.0003000000000000001,
            "max": 0.0003000000000000001,
            "count": 157
        },
        "Drecon.Policy.LearningRate.sum": {
            "value": 0.0009000000000000002,
            "min": 0.0006000000000000002,
            "max": 0.0009000000000000002,
            "count": 157
        },
        "Drecon.Policy.Epsilon.mean": {
            "value": 0.25,
            "min": 0.25,
            "max": 0.25,
            "count": 157
        },
        "Drecon.Policy.Epsilon.sum": {
            "value": 0.75,
            "min": 0.5,
            "max": 0.75,
            "count": 157
        },
        "Drecon.Policy.Beta.mean": {
            "value": 0.005000000000000001,
            "min": 0.005000000000000001,
            "max": 0.005000000000000001,
            "count": 157
        },
        "Drecon.Policy.Beta.sum": {
            "value": 0.015000000000000003,
            "min": 0.010000000000000002,
            "max": 0.015000000000000003,
            "count": 157
        },
        "Drecon.IsTraining.mean": {
            "value": 1.0,
            "min": 1.0,
            "max": 1.0,
            "count": 157
        },
        "Drecon.IsTraining.sum": {
            "value": 1.0,
            "min": 1.0,
            "max": 1.0,
            "count": 157
        }
    },
    "metadata": {
        "timer_format_version": "0.1.0",
        "start_time_seconds": "1674208431",
        "python_version": "3.9.0 (tags/v3.9.0:9cf6752, Oct  5 2020, 15:34:40) [MSC v.1927 64 bit (AMD64)]",
        "command_line_arguments": "C:\\Users\\ali\\AppData\\Local\\Programs\\Python\\Python39\\Scripts\\mlagents-learn Assets\\config\\Drecon_constant_lr.yaml --env=Builds\\Drecon --run-id=AllJointsControlled --time-scale 1 --capture-frame-rate=0 --no-graphics --num-env=10",
        "mlagents_version": "0.28.0",
        "mlagents_envs_version": "0.28.0",
        "communication_protocol_version": "1.5.0",
        "pytorch_version": "1.7.1+cu110",
        "numpy_version": "1.23.4",
        "end_time_seconds": "1674244084"
    },
    "total": 35652.366511500004,
    "count": 1,
    "self": 10.007865100000345,
    "children": {
        "run_training.setup": {
            "total": 0.40450639999999993,
            "count": 1,
            "self": 0.40450639999999993
        },
        "TrainerController.start_learning": {
            "total": 35641.95414,
            "count": 1,
            "self": 77.8336605971781,
            "children": {
                "TrainerController._reset_env": {
                    "total": 8.1425098,
                    "count": 1,
                    "self": 8.1425098
                },
                "TrainerController.advance": {
                    "total": 35555.93881290282,
                    "count": 6508865,
                    "self": 62.248345102554595,
                    "children": {
                        "env_step": {
                            "total": 23319.41204690147,
                            "count": 6508865,
                            "self": 10634.068769700718,
                            "children": {
                                "SubprocessEnvManager._take_step": {
                                    "total": 12635.33070460267,
                                    "count": 8520351,
                                    "self": 269.7340818018365,
                                    "children": {
                                        "TorchPolicy.evaluate": {
                                            "total": 12365.596622800833,
                                            "count": 8104558,
                                            "self": 8366.802796896653,
                                            "children": {
                                                "TorchPolicy.sample_actions": {
                                                    "total": 3998.7938259041803,
                                                    "count": 8104558,
                                                    "self": 3998.7938259041803
                                                }
                                            }
                                        }
                                    }
                                },
                                "workers": {
                                    "total": 50.012572598083906,
                                    "count": 6508864,
                                    "self": 0.0,
                                    "children": {
                                        "worker_root": {
                                            "total": 356200.3235999803,
                                            "count": 8520341,
                                            "is_parallel": true,