{
    "name": "root",
    "gauges": {
        "Drecon.Policy.Entropy.mean": {
            "value": 1.4240642786026,
            "min": 1.419536828994751,
            "max": 1.4240642786026,
            "count": 3
        },
        "Drecon.Policy.Entropy.sum": {
            "value": 42723.3515625,
            "min": 42597.4609375,
            "max": 42723.3515625,
            "count": 3
        },
        "Drecon.Environment.EpisodeLength.mean": {
            "value": 6.724253347064882,
            "min": 6.622047244094488,
            "max": 6.772739051567764,
            "count": 3
        },
        "Drecon.Environment.EpisodeLength.sum": {
            "value": 26117.0,
            "min": 26071.0,
            "max": 26136.0,
            "count": 3
        },
        "Drecon.Step.mean": {
            "value": 89993.0,
            "min": 29998.0,
            "max": 89993.0,
            "count": 3
        },
        "Drecon.Step.sum": {
            "value": 89993.0,
            "min": 29998.0,
            "max": 89993.0,
            "count": 3
        },
        "Drecon.Policy.ExtrinsicValueEstimate.mean": {
            "value": 4.459529876708984,
            "min": 0.6391594409942627,
            "max": 4.459529876708984,
            "count": 3
        },
        "Drecon.Policy.ExtrinsicValueEstimate.sum": {
            "value": 17320.814453125,
            "min": 2515.7314453125,
            "max": 17320.814453125,
            "count": 3
        },
        "Drecon.Environment.CumulativeReward.mean": {
            "value": 9.318025903693803,
            "min": 9.318025903693803,
            "max": 9.563176905021484,
            "count": 3
        },
        "Drecon.Environment.CumulativeReward.sum": {
            "value": 36191.21260994673,
            "min": 36191.21260994673,
            "max": 36904.29967647791,
            "count": 3
        },
        "Drecon.Policy.ExtrinsicReward.mean": {
            "value": 9.318025903693803,
            "min": 9.318025903693803,
            "max": 9.563176905021484,
            "count": 3
        },
        "Drecon.Policy.ExtrinsicReward.sum": {
            "value": 36191.21260994673,
            "min": 36191.21260994673,
            "max": 36904.29967647791,
            "count": 3
        },
        "Drecon.Losses.PolicyLoss.mean": {
            "value": 0.018055502278730276,
            "min": 0.018055502278730276,
            "max": 0.01860961348284036,
            "count": 3
        },
        "Drecon.Losses.PolicyLoss.sum": {
            "value": 0.03611100455746055,
            "min": 0.018474483590883512,
            "max": 0.03611100455746055,
            "count": 3
        },
        "Drecon.Losses.ValueLoss.mean": {
            "value": 59.07542483011882,
            "min": 59.07542483011882,
            "max": 71.18698170979818,
            "count": 3
        },
        "Drecon.Losses.ValueLoss.sum": {
            "value": 118.15084966023764,
            "min": 66.60799115498861,
            "max": 118.15084966023764,
            "count": 3
        },
        "Drecon.Policy.LearningRate.mean": {
            "value": 0.00029928310523896496,
            "min": 0.00029928310523896496,
            "max": 0.00029979517006827673,
            "count": 3
        },
        "Drecon.Policy.LearningRate.sum": {
            "value": 0.0005985662104779299,
            "min": 0.00029959033013655657,
            "max": 0.0005985662104779299,
            "count": 3
        },
        "Drecon.Policy.Epsilon.mean": {
            "value": 0.19976103499999998,
            "min": 0.19976103499999998,
            "max": 0.19993172333333328,
            "count": 3
        },
        "Drecon.Policy.Epsilon.sum": {
            "value": 0.39952206999999995,
            "min": 0.19986344333333333,
            "max": 0.39952206999999995,
            "count": 3
        },
        "Drecon.Policy.Beta.mean": {
            "value": 0.004988075646500001,
            "min": 0.004988075646500001,
            "max": 0.004996592994333334,
            "count": 3
        },
        "Drecon.Policy.Beta.sum": {
            "value": 0.009976151293000002,
            "min": 0.004993185822333332,
            "max": 0.009976151293000002,
            "count": 3
        },
        "Drecon.IsTraining.mean": {
            "value": 1.0,
            "min": 1.0,
            "max": 1.0,
            "count": 3
        },
        "Drecon.IsTraining.sum": {
            "value": 1.0,
            "min": 1.0,
            "max": 1.0,
            "count": 3
        }
    },
    "metadata": {
        "timer_format_version": "0.1.0",
        "start_time_seconds": "1664265781",
        "python_version": "3.6.8 (tags/v3.6.8:3c6b436a57, Dec 24 2018, 00:16:47) [MSC v.1916 64 bit (AMD64)]",
        "command_line_arguments": "C:\\Unity Projects\\test-env\\Scripts\\mlagents-learn Assets\\config\\Drecon.yaml --run-id=t4",
        "mlagents_version": "0.28.0",
        "mlagents_envs_version": "0.28.0",
        "communication_protocol_version": "1.5.0",
        "pytorch_version": "1.10.2+cpu",
        "numpy_version": "1.19.5",
        "end_time_seconds": "1664268553"
    },
    "total": 2771.7489605,
    "count": 1,
    "self": 0.012451500000224769,
    "children": {
        "run_training.setup": {
            "total": 0.2527709,
            "count": 1,
            "self": 0.2527709
        },
        "TrainerController.start_learning": {
            "total": 2771.4837380999998,
            "count": 1,
            "self": 3.0340234999553104,
            "children": {
                "TrainerController._reset_env": {
                    "total": 20.3978944,
                    "count": 1,
                    "self": 20.3978944
                },
                "TrainerController.advance": {
                    "total": 2747.8522793000448,
                    "count": 104093,
                    "self": 3.0148658001089643,
                    "children": {
                        "env_step": {
                            "total": 2655.9302261999756,
                            "count": 104093,
                            "self": 2550.2355858000233,
                            "children": {
                                "SubprocessEnvManager._take_step": {
                                    "total": 103.61582009999678,
                                    "count": 104093,
                                    "self": 7.265272500019236,
                                    "children": {
                                        "TorchPolicy.evaluate": {
                                            "total": 96.35054759997755,
                                            "count": 92162,
                                            "self": 18.37426569998064,
                                            "children": {
                                                "TorchPolicy.sample_actions": {
                                                    "total": 77.9762818999969,
                                                    "count": 92162,
                                                    "self": 77.9762818999969
                                                }
                                            }
                                        }
                                    }
                                },
                                "workers": {
                                    "total": 2.0788202999553285,
                                    "count": 104092,
                                    "self": 0.0,
                                    "children": {
                                        "worker_root": {
                                            "total": 2663.226813900018,
                                            "count": 104092,
                                            "is_parallel": true,
                                            "self": 341.44269680003526,