{
    "name": "root",
    "gauges": {
        "Drecon.Policy.Entropy.mean": {
            "value": 0.9291999340057373,
            "min": 0.9291999340057373,
            "max": 1.4322419166564941,
            "count": 1034
        },
        "Drecon.Policy.Entropy.sum": {
            "value": 9296.6455078125,
            "min": 9283.962890625,
            "max": 14397.3154296875,
            "count": 1034
        },
        "Drecon.Environment.EpisodeLength.mean": {
            "value": 35.11913357400722,
            "min": 29.662576687116566,
            "max": 36.42322097378277,
            "count": 1034
        },
        "Drecon.Environment.EpisodeLength.sum": {
            "value": 9728.0,
            "min": 9639.0,
            "max": 9798.0,
            "count": 1034
        },
        "Drecon.Step.mean": {
            "value": 10339989.0,
            "min": 9983.0,
            "max": 10339989.0,
            "count": 1034
        },
        "Drecon.Step.sum": {
            "value": 10339989.0,
            "min": 9983.0,
            "max": 10339989.0,
            "count": 1034
        },
        "Drecon.Policy.ExtrinsicValueEstimate.mean": {
            "value": 3.690976142883301,
            "min": 0.5257289409637451,
            "max": 4.184782028198242,
            "count": 1034
        },
        "Drecon.Policy.ExtrinsicValueEstimate.sum": {
            "value": 1022.400390625,
            "min": 168.7589874267578,
            "max": 1129.89111328125,
            "count": 1034
        },
        "Drecon.Environment.CumulativeReward.mean": {
            "value": 10.738533901393629,
            "min": 6.71513776021583,
            "max": 11.815566047032673,
            "count": 1034
        },
        "Drecon.Environment.CumulativeReward.sum": {
            "value": 2974.573890686035,
            "min": 2155.5592210292816,
            "max": 3193.790201663971,
            "count": 1034
        },
        "Drecon.Policy.ExtrinsicReward.mean": {
            "value": 10.738533901393629,
            "min": 6.71513776021583,
            "max": 11.815566047032673,
            "count": 1034
        },
        "Drecon.Policy.ExtrinsicReward.sum": {
            "value": 2974.573890686035,
            "min": 2155.5592210292816,
            "max": 3193.790201663971,
            "count": 1034
        },
        "Drecon.Losses.PolicyLoss.mean": {
            "value": 0.03400054108448482,
            "min": 0.023882008848401408,
            "max": 0.0454450270665499,
            "count": 1034
        },
        "Drecon.Losses.PolicyLoss.sum": {
            "value": 0.06800108216896963,
            "min": 0.023882008848401408,
            "max": 0.0908900541330998,
            "count": 1034
        },
        "Drecon.Losses.ValueLoss.mean": {
            "value": 0.3681400030851364,
            "min": 0.30323046843210855,
            "max": 3.6437565883000693,
            "count": 1034
        },
        "Drecon.Losses.ValueLoss.sum": {
            "value": 0.7362800061702728,
            "min": 0.32086700648069383,
            "max": 3.6437565883000693,
            "count": 1034
        },
        "Drecon.Policy.LearningRate.mean": {
            "value": 0.0001966449544516933,
            "min": 0.0001966449544516933,
            "max": 0.0002999485900171368,
            "count": 1034
        },
        "Drecon.Policy.LearningRate.sum": {
            "value": 0.0003932899089033866,
            "min": 0.00019775003408333333,
            "max": 0.0005997433400855533,
            "count": 1034
        },
        "Drecon.Policy.Epsilon.mean": {
            "value": 0.16554830666666673,
            "min": 0.16554830666666673,
            "max": 0.1999828633333333,
            "count": 1034
        },
        "Drecon.Policy.Epsilon.sum": {
            "value": 0.33109661333333346,
            "min": 0.16591666666666668,
            "max": 0.39991444666666676,
            "count": 1034
        },
        "Drecon.Policy.Beta.mean": {
            "value": 0.0032808605026666674,
            "min": 0.0032808605026666674,
            "max": 0.0049991448803333345,
            "count": 1034
        },
        "Drecon.Policy.Beta.sum": {
            "value": 0.006561721005333335,
            "min": 0.003299241666666666,
            "max": 0.00999573088866667,
            "count": 1034
        },
        "Drecon.IsTraining.mean": {
            "value": 1.0,
            "min": 1.0,
            "max": 1.0,
            "count": 1034
        },
        "Drecon.IsTraining.sum": {
            "value": 1.0,
            "min": 1.0,
            "max": 1.0,
            "count": 1034
        }
    },
    "metadata": {
        "timer_format_version": "0.1.0",
        "start_time_seconds": "1671527254",
        "python_version": "3.9.0 (tags/v3.9.0:9cf6752, Oct  5 2020, 15:34:40) [MSC v.1927 64 bit (AMD64)]",
        "command_line_arguments": "C:\\Users\\ali\\AppData\\Local\\Programs\\Python\\Python39\\Scripts\\mlagents-learn Assets\\config\\Drecon.yaml --run-id=normalized_5agents_v1 --force",
        "mlagents_version": "0.28.0",
        "mlagents_envs_version": "0.28.0",
        "communication_protocol_version": "1.5.0",
        "pytorch_version": "1.7.1+cu110",
        "numpy_version": "1.23.4",
        "end_time_seconds": "1671590523"
    },
    "total": 63269.037074399996,
    "count": 1,
    "self": 0.004048099988722242,
    "children": {
        "run_training.setup": {
            "total": 0.040395700000000034,
            "count": 1,
            "self": 0.040395700000000034
        },
        "TrainerController.start_learning": {
            "total": 63268.992630600005,
            "count": 1,
            "self": 29.9041938034934,
            "children": {
                "TrainerController._reset_env": {
                    "total": 7.8617792,
                    "count": 1,
                    "self": 7.8617792
                },
                "TrainerController.advance": {
                    "total": 63231.19113529651,
                    "count": 2069109,
                    "self": 27.50521209476574,
                    "children": {
                        "env_step": {
                            "total": 60151.60159950336,
                            "count": 2069109,
                            "self": 55569.803608507995,
                            "children": {
                                "SubprocessEnvManager._take_step": {
                                    "total": 4563.775281294198,
                                    "count": 2069109,
                                    "self": 86.1821029847606,
                                    "children": {
                                        "TorchPolicy.evaluate": {
                                            "total": 4477.5931783094375,
                                            "count": 2069109,
                                            "self": 2892.239291506887,
                                            "children": {
                                                "TorchPolicy.sample_actions": {
                                                    "total": 1585.3538868025503,
                                                    "count": 2069109,
                                                    "self": 1585.3538868025503
                                                }
                                            }
                                        }
                                    }
                                },
                                "workers": {
                                    "total": 18.022709701169898,
                                    "count": 2069108,
                                    "self": 0.0,
                                    "children": {
                                        "worker_root": {
                                            "total": 63224.26454540238,
                                            "count": 2069108,