{
    "name": "root",
    "gauges": {
        "Drecon.Policy.Entropy.mean": {
            "value": 0.8758834600448608,
            "min": 0.8758834600448608,
            "max": 1.4411909580230713,
            "count": 793
        },
        "Drecon.Policy.Entropy.sum": {
            "value": 8752.703125,
            "min": 8752.703125,
            "max": 14409.607421875,
            "count": 793
        },
        "Drecon.Environment.EpisodeLength.mean": {
            "value": 17.26873857404022,
            "min": 12.074607329842932,
            "max": 18.89662027833002,
            "count": 793
        },
        "Drecon.Environment.EpisodeLength.sum": {
            "value": 9446.0,
            "min": 9225.0,
            "max": 9505.0,
            "count": 793
        },
        "Drecon.Step.mean": {
            "value": 7929994.0,
            "min": 9993.0,
            "max": 7929994.0,
            "count": 793
        },
        "Drecon.Step.sum": {
            "value": 7929994.0,
            "min": 9993.0,
            "max": 7929994.0,
            "count": 793
        },
        "Drecon.Policy.ExtrinsicValueEstimate.mean": {
            "value": 0.857435405254364,
            "min": 0.05700352042913437,
            "max": 1.1114776134490967,
            "count": 793
        },
        "Drecon.Policy.ExtrinsicValueEstimate.sum": {
            "value": 469.01715087890625,
            "min": 43.03765869140625,
            "max": 574.5874633789062,
            "count": 793
        },
        "Drecon.Environment.CumulativeReward.mean": {
            "value": 2.113699966212711,
            "min": 0.8349636165357831,
            "max": 2.775088932239773,
            "count": 793
        },
        "Drecon.Environment.CumulativeReward.sum": {
            "value": 1156.193881518353,
            "min": 637.9122030333383,
            "max": 1401.4199107810855,
            "count": 793
        },
        "Drecon.Policy.ExtrinsicReward.mean": {
            "value": 2.113699966212711,
            "min": 0.8349636165357831,
            "max": 2.775088932239773,
            "count": 793
        },
        "Drecon.Policy.ExtrinsicReward.sum": {
            "value": 1156.193881518353,
            "min": 637.9122030333383,
            "max": 1401.4199107810855,
            "count": 793
        },
        "Drecon.Losses.PolicyLoss.mean": {
            "value": 0.03451146618802643,
            "min": 0.024555064758169466,
            "max": 0.044817516564701995,
            "count": 793
        },
        "Drecon.Losses.PolicyLoss.sum": {
            "value": 0.06902293237605286,
            "min": 0.0252690567537987,
            "max": 0.08641568256474177,
            "count": 793
        },
        "Drecon.Losses.ValueLoss.mean": {
            "value": 0.19681207947432994,
            "min": 0.05054317594816288,
            "max": 0.37762797872225445,
            "count": 793
        },
        "Drecon.Losses.ValueLoss.sum": {
            "value": 0.3936241589486599,
            "min": 0.06367421336472034,
            "max": 0.7397220094998678,
            "count": 793
        },
        "Drecon.Policy.LearningRate.mean": {
            "value": 0.00022076189641271,
            "min": 0.00022076189641271,
            "max": 0.0002999487100170966,
            "count": 793
        },
        "Drecon.Policy.LearningRate.sum": {
            "value": 0.00044152379282542,
            "min": 0.0002212496462501267,
            "max": 0.0005997435300854897,
            "count": 793
        },
        "Drecon.Policy.Epsilon.mean": {
            "value": 0.17358729,
            "min": 0.17358729,
            "max": 0.19998290333333343,
            "count": 793
        },
        "Drecon.Policy.Epsilon.sum": {
            "value": 0.34717458,
            "min": 0.17374987333333342,
            "max": 0.3999145099999999,
            "count": 793
        },
        "Drecon.Policy.Beta.mean": {
            "value": 0.0036820057710000003,
            "min": 0.0036820057710000003,
            "max": 0.004999146876333332,
            "count": 793
        },
        "Drecon.Policy.Beta.sum": {
            "value": 0.007364011542000001,
            "min": 0.0036901186793333336,
            "max": 0.009995734049,
            "count": 793
        },
        "Drecon.IsTraining.mean": {
            "value": 1.0,
            "min": 1.0,
            "max": 1.0,
            "count": 793
        },
        "Drecon.IsTraining.sum": {
            "value": 1.0,
            "min": 1.0,
            "max": 1.0,
            "count": 793
        }
    },
    "metadata": {
        "timer_format_version": "0.1.0",
        "start_time_seconds": "1669363472",
        "python_version": "3.9.0 (tags/v3.9.0:9cf6752, Oct  5 2020, 15:34:40) [MSC v.1927 64 bit (AMD64)]",
        "command_line_arguments": "C:\\Users\\ali\\AppData\\Local\\Programs\\Python\\Python39\\Scripts\\mlagents-learn Assets\\config\\Drecon.yaml --run-id=pcTest4",
        "mlagents_version": "0.28.0",
        "mlagents_envs_version": "0.28.0",
        "communication_protocol_version": "1.5.0",
        "pytorch_version": "1.7.1+cu110",
        "numpy_version": "1.23.4",
        "end_time_seconds": "1669441525"
    },
    "total": 78053.1118905,
    "count": 1,
    "self": 0.0024354000197490677,
    "children": {
        "run_training.setup": {
            "total": 0.07178119999999977,
            "count": 1,
            "self": 0.07178119999999977
        },
        "TrainerController.start_learning": {
            "total": 78053.03767389999,
            "count": 1,
            "self": 91.42034339834936,
            "children": {
                "TrainerController._reset_env": {
                    "total": 18.0577053,
                    "count": 1,
                    "self": 18.0577053
                },
                "TrainerController.advance": {
                    "total": 77943.45831820164,
                    "count": 8388674,
                    "self": 87.67676159468829,
                    "children": {
                        "env_step": {
                            "total": 74856.47083710045,
                            "count": 8388674,
                            "self": 58289.76083038948,
                            "children": {
                                "SubprocessEnvManager._take_step": {
                                    "total": 16507.907894106454,
                                    "count": 8388674,
                                    "self": 272.65125709603853,
                                    "children": {
                                        "TorchPolicy.evaluate": {
                                            "total": 16235.256637010416,
                                            "count": 7933850,
                                            "self": 10905.419168618184,
                                            "children": {
                                                "TorchPolicy.sample_actions": {
                                                    "total": 5329.837468392232,
                                                    "count": 7933850,
                                                    "self": 5329.837468392232
                                                }
                                            }
                                        }
                                    }
                                },
                                "workers": {
                                    "total": 58.80211260451889,
                                    "count": 8388673,
                                    "self": 0.0,
                                    "children": {
                                        "worker_root": {
                                            "total": 77914.93485107693,
                                            "count": 8388673,
                                            "is_parallel": true,