{
    "name": "root",
    "gauges": {
        "Drecon.Policy.Entropy.mean": {
            "value": 2.35374116897583,
            "min": 2.205533504486084,
            "max": 2.35374116897583,
            "count": 59
        },
        "Drecon.Policy.Entropy.sum": {
            "value": 235223.484375,
            "min": 220967.453125,
            "max": 235223.484375,
            "count": 59
        },
        "Drecon.Step.mean": {
            "value": 5899994.0,
            "min": 99973.0,
            "max": 5899994.0,
            "count": 59
        },
        "Drecon.Step.sum": {
            "value": 5899994.0,
            "min": 99973.0,
            "max": 5899994.0,
            "count": 59
        },
        "Drecon.Policy.ExtrinsicValueEstimate.mean": {
            "value": 80.7946548461914,
            "min": 76.15733337402344,
            "max": 95.2243423461914,
            "count": 59
        },
        "Drecon.Policy.ExtrinsicValueEstimate.sum": {
            "value": 299990.5625,
            "min": 284980.75,
            "max": 347283.1875,
            "count": 59
        },
        "Drecon.Environment.EpisodeLength.mean": {
            "value": 82.83640939597315,
            "min": 80.30089213300892,
            "max": 94.11079545454545,
            "count": 59
        },
        "Drecon.Environment.EpisodeLength.sum": {
            "value": 98741.0,
            "min": 97291.0,
            "max": 100212.0,
            "count": 59
        },
        "Drecon.Environment.CumulativeReward.mean": {
            "value": 218.07248426246264,
            "min": 212.96567403765417,
            "max": 255.817979931634,
            "count": 59
        },
        "Drecon.Environment.CumulativeReward.sum": {
            "value": 259942.40124085546,
            "min": 258815.5312973261,
            "max": 272207.84792634845,
            "count": 59
        },
        "Drecon.Policy.ExtrinsicReward.mean": {
            "value": 218.07248426246264,
            "min": 212.96567403765417,
            "max": 255.817979931634,
            "count": 59
        },
        "Drecon.Policy.ExtrinsicReward.sum": {
            "value": 259942.40124085546,
            "min": 258815.5312973261,
            "max": 272207.84792634845,
            "count": 59
        },
        "Drecon.Losses.PolicyLoss.mean": {
            "value": 0.017704806696565357,
            "min": 0.01417266456822593,
            "max": 0.01941247004251636,
            "count": 59
        },
        "Drecon.Losses.PolicyLoss.sum": {
            "value": 0.035409613393130715,
            "min": 0.02834532913645186,
            "max": 0.055809239770845426,
            "count": 59
        },
        "Drecon.Losses.ValueLoss.mean": {
            "value": 412.6925476074219,
            "min": 376.23043696085614,
            "max": 468.41491622924804,
            "count": 59
        },
        "Drecon.Losses.ValueLoss.sum": {
            "value": 825.3850952148438,
            "min": 752.4608739217123,
            "max": 1390.226480102539,
            "count": 59
        },
        "Drecon.Policy.LearningRate.mean": {
            "value": 0.0003000000000000001,
            "min": 0.0003000000000000001,
            "max": 0.0003000000000000001,
            "count": 59
        },
        "Drecon.Policy.LearningRate.sum": {
            "value": 0.0006000000000000002,
            "min": 0.0006000000000000002,
            "max": 0.0009000000000000002,
            "count": 59
        },
        "Drecon.Policy.Epsilon.mean": {
            "value": 0.19999999999999993,
            "min": 0.19999999999999993,
            "max": 0.19999999999999993,
            "count": 59
        },
        "Drecon.Policy.Epsilon.sum": {
            "value": 0.39999999999999986,
            "min": 0.39999999999999986,
            "max": 0.5999999999999998,
            "count": 59
        },
        "Drecon.Policy.Beta.mean": {
            "value": 0.005000000000000001,
            "min": 0.005000000000000001,
            "max": 0.005000000000000001,
            "count": 59
        },
        "Drecon.Policy.Beta.sum": {
            "value": 0.010000000000000002,
            "min": 0.010000000000000002,
            "max": 0.015000000000000003,
            "count": 59
        },
        "Drecon.IsTraining.mean": {
            "value": 1.0,
            "min": 1.0,
            "max": 1.0,
            "count": 59
        },
        "Drecon.IsTraining.sum": {
            "value": 1.0,
            "min": 1.0,
            "max": 1.0,
            "count": 59
        }
    },
    "metadata": {
        "timer_format_version": "0.1.0",
        "start_time_seconds": "1675990565",
        "python_version": "3.9.0 (tags/v3.9.0:9cf6752, Oct  5 2020, 15:34:40) [MSC v.1927 64 bit (AMD64)]",
        "command_line_arguments": "C:\\Users\\ali\\AppData\\Local\\Programs\\Python\\Python39\\Scripts\\mlagents-learn Assets\\config\\Drecon_more_layers.yaml --env=Builds\\Drecon --run-id=60fpsReInitWithLowerBeta --initialize-from=60fps --time-scale 1 --capture-frame-rate=0 --no-graphics --num-env=12",
        "mlagents_version": "0.28.0",
        "mlagents_envs_version": "0.28.0",
        "communication_protocol_version": "1.5.0",
        "pytorch_version": "1.7.1+cu110",
        "numpy_version": "1.23.4",
        "end_time_seconds": "1675998811"
    },
    "total": 8246.2247289,
    "count": 1,
    "self": 6.119919700000537,
    "children": {
        "run_training.setup": {
            "total": 0.5213295000000002,
            "count": 1,
            "self": 0.5213295000000002
        },
        "TrainerController.start_learning": {
            "total": 8239.5834797,
            "count": 1,
            "self": 25.80417579991081,
            "children": {
                "TrainerController._reset_env": {
                    "total": 5.809824500000001,
                    "count": 1,
                    "self": 5.809824500000001
                },
                "TrainerController.advance": {
                    "total": 8207.91796660009,
                    "count": 2074603,
                    "self": 21.75586860079602,
                    "children": {
                        "env_step": {
                            "total": 6972.1261834995275,
                            "count": 2074603,
                            "self": 2694.0415744987313,
                            "children": {
                                "SubprocessEnvManager._take_step": {
                                    "total": 4260.379400000252,
                                    "count": 2997276,
                                    "self": 99.68804690028901,
                                    "children": {
                                        "TorchPolicy.evaluate": {
                                            "total": 4160.691353099963,
                                            "count": 2997276,
                                            "self": 2575.9990618008305,
                                            "children": {
                                                "TorchPolicy.sample_actions": {
                                                    "total": 1584.6922912991322,
                                                    "count": 2997276,
                                                    "self": 1584.6922912991322
                                                }
                                            }
                                        }
                                    }
                                },
                                "workers": {
                                    "total": 17.70520900054453,
                                    "count": 2074602,
                                    "self": 0.0,
                                    "children": {
                                        "worker_root": {
                                            "total": 98757.87395750485,