{
    "name": "root",
    "metadata": {
        "timer_format_version": "0.1.0",
        "start_time_seconds": "1673653819",
        "python_version": "3.9.0 (tags/v3.9.0:9cf6752, Oct  5 2020, 15:34:40) [MSC v.1927 64 bit (AMD64)]",
        "command_line_arguments": "C:\\Users\\ali\\AppData\\Local\\Programs\\Python\\Python39\\Scripts\\mlagents-learn Assets\\config\\Drecon_constant_lr.yaml --env=Builds\\Drecon --run-id=160StiffnessLowBatchSize --resume --time-scale 1 --capture-frame-rate=0 --width=1000 --height=800",
        "mlagents_version": "0.28.0",
        "mlagents_envs_version": "0.28.0",
        "communication_protocol_version": "1.5.0",
        "pytorch_version": "1.7.1+cu110",
        "numpy_version": "1.23.4",
        "end_time_seconds": "1673653860"
    },
    "total": 41.5452326,
    "count": 1,
    "self": 0.002319200000002297,
    "children": {
        "run_training.setup": {
            "total": 0.08629229999999977,
            "count": 1,
            "self": 0.08629229999999977
        },
        "TrainerController.start_learning": {
            "total": 41.4566211,
            "count": 1,
            "self": 0.011032600000113746,
            "children": {
                "TrainerController._reset_env": {
                    "total": 8.0948125,
                    "count": 1,
                    "self": 8.0948125
                },
                "TrainerController.advance": {
                    "total": 33.296360799999896,
                    "count": 950,
                    "self": 0.008097199999859583,
                    "children": {
                        "env_step": {
                            "total": 33.04352690000006,
                            "count": 950,
                            "self": 31.046784900000056,
                            "children": {
                                "SubprocessEnvManager._take_step": {
                                    "total": 1.9909142999999485,
                                    "count": 950,
                                    "self": 0.028636299999810433,
                                    "children": {
                                        "TorchPolicy.evaluate": {
                                            "total": 1.962278000000138,
                                            "count": 916,
                                            "self": 1.1824859000001418,
                                            "children": {
                                                "TorchPolicy.sample_actions": {
                                                    "total": 0.7797920999999963,
                                                    "count": 916,
                                                    "self": 0.7797920999999963
                                                }
                                            }
                                        }
                                    }
                                },
                                "workers": {
                                    "total": 0.005827700000057945,
                                    "count": 949,
                                    "self": 0.0,
                                    "children": {
                                        "worker_root": {
                                            "total": 30.49239000000004,
                                            "count": 949,
                                            "is_parallel": true,
                                            "self": 3.379696500000019,
                                            "children": {
                                                "steps_from_proto": {
                                                    "total": 0.00017129999999987433,
                                                    "count": 1,
                                                    "is_parallel": true,
                                                    "self": 5.830000000006663e-05,
                                                    "children": {
                                                        "_process_rank_one_or_two_observation": {
                                                            "total": 0.0001129999999998077,
                                                            "count": 2,
                                                            "is_parallel": true,
                                                            "self": 0.0001129999999998077
                                                        }
                                                    }
                                                },
                                                "UnityEnvironment.step": {
                                                    "total": 27.11252220000002,
                                                    "count": 949,
                                                    "is_parallel": true,
                                                    "self": 0.02950639999992788,
                                                    "children": {
                                                        "UnityEnvironment._generate_step_input": {
                                                            "total": 0.09080630000003787,
                                                            "count": 949,
                                                            "is_parallel": true,
                                                            "self": 0.09080630000003787
                                                        },
                                                        "communicator.exchange": {
                                                            "total": 26.88807990000005,
                                                            "count": 949,
                                                            "is_parallel": true,
                                                            "self": 26.88807990000005
                                                        },
                                                        "steps_from_proto": {
                                                            "total": 0.10412960000000204,
                                                            "count": 949,
                                                            "is_parallel": true,
                                                            "self": 0.04409719999998529,
                                                            "children": {
                                                                "_process_rank_one_or_two_observation": {
                                                                    "total": 0.06003240000001675,
                                                                    "count": 1898,
                                                                    "is_parallel": true,
                                                                    "self": 0.06003240000001675
                                                                }
                                                            }
                                                        }
                                                    }
                                                }
                                            }
                                        }
                                    }
                                }
                            }
                        },
                        "trainer_advance": {
                            "total": 0.24473669999997227,
                            "count": 949,
                            "self": 0.0125955999999956,
                            "children": {
                                "process_trajectory": {
                                    "total": 0.23214109999997667,
                                    "count": 949,