{
    "name": "root",
    "metadata": {
        "timer_format_version": "0.1.0",
        "start_time_seconds": "1669445625",
        "python_version": "3.9.0 (tags/v3.9.0:9cf6752, Oct  5 2020, 15:34:40) [MSC v.1927 64 bit (AMD64)]",
        "command_line_arguments": "C:\\Users\\ali\\AppData\\Local\\Programs\\Python\\Python39\\Scripts\\mlagents-learn Assets\\config\\Drecon.yaml --run-id=pcTest5",
        "mlagents_version": "0.28.0",
        "mlagents_envs_version": "0.28.0",
        "communication_protocol_version": "1.5.0",
        "pytorch_version": "1.7.1+cu110",
        "numpy_version": "1.23.4",
        "end_time_seconds": "1669445728"
    },
    "total": 103.3623451,
    "count": 1,
    "self": 0.0024451000000027534,
    "children": {
        "run_training.setup": {
            "total": 0.06941799999999998,
            "count": 1,
            "self": 0.06941799999999998
        },
        "TrainerController.start_learning": {
            "total": 103.290482,
            "count": 1,
            "self": 0.004146000000105232,
            "children": {
                "TrainerController._reset_env": {
                    "total": 10.7066075,
                    "count": 1,
                    "self": 10.7066075
                },
                "TrainerController.advance": {
                    "total": 92.5302939999999,
                    "count": 300,
                    "self": 0.0033190999998424786,
                    "children": {
                        "env_step": {
                            "total": 91.79573900000004,
                            "count": 300,
                            "self": 91.02402620000001,
                            "children": {
                                "SubprocessEnvManager._take_step": {
                                    "total": 0.7698429000000235,
                                    "count": 300,
                                    "self": 0.010582800000028314,
                                    "children": {
                                        "TorchPolicy.evaluate": {
                                            "total": 0.7592600999999952,
                                            "count": 299,
                                            "self": 0.25343620000004563,
                                            "children": {
                                                "TorchPolicy.sample_actions": {
                                                    "total": 0.5058238999999496,
                                                    "count": 299,
                                                    "self": 0.5058238999999496
                                                }
                                            }
                                        }
                                    }
                                },
                                "workers": {
                                    "total": 0.001869900000000868,
                                    "count": 299,
                                    "self": 0.0,
                                    "children": {
                                        "worker_root": {
                                            "total": 32.478165099999984,
                                            "count": 299,
                                            "is_parallel": true,
                                            "self": 2.438125399999933,
                                            "children": {
                                                "steps_from_proto": {
                                                    "total": 0.00027569999999954575,
                                                    "count": 1,
                                                    "is_parallel": true,
                                                    "self": 7.059999999725619e-05,
                                                    "children": {
                                                        "_process_rank_one_or_two_observation": {
                                                            "total": 0.00020510000000228956,
                                                            "count": 2,
                                                            "is_parallel": true,
                                                            "self": 0.00020510000000228956
                                                        }
                                                    }
                                                },
                                                "UnityEnvironment.step": {
                                                    "total": 30.03976400000005,
                                                    "count": 299,
                                                    "is_parallel": true,
                                                    "self": 0.013657800000043352,
                                                    "children": {
                                                        "UnityEnvironment._generate_step_input": {
                                                            "total": 0.12998589999999588,
                                                            "count": 299,
                                                            "is_parallel": true,
                                                            "self": 0.12998589999999588
                                                        },
                                                        "communicator.exchange": {
                                                            "total": 29.82755759999999,
                                                            "count": 299,
                                                            "is_parallel": true,
                                                            "self": 29.82755759999999
                                                        },
                                                        "steps_from_proto": {
                                                            "total": 0.06856270000002418,
                                                            "count": 299,
                                                            "is_parallel": true,
                                                            "self": 0.017328400000073074,
                                                            "children": {
                                                                "_process_rank_one_or_two_observation": {
                                                                    "total": 0.051234299999951105,
                                                                    "count": 598,
                                                                    "is_parallel": true,
                                                                    "self": 0.051234299999951105
                                                                }
                                                            }
                                                        }
                                                    }
                                                }
                                            }
                                        }
                                    }
                                }
                            }
                        },
                        "trainer_advance": {
                            "total": 0.731235900000021,
                            "count": 299,
                            "self": 0.004081600000070296,
                            "children": {
                                "process_trajectory": {
                                    "total": 0.7271542999999507,
                                    "count": 299,