{
    "name": "root",
    "gauges": {
        "Drecon.Policy.Entropy.mean": {
            "value": 1.1075663566589355,
            "min": 1.1075663566589355,
            "max": 1.1408764123916626,
            "count": 78
        },
        "Drecon.Policy.Entropy.sum": {
            "value": 11092.27734375,
            "min": 4304.52685546875,
            "max": 11405.099609375,
            "count": 78
        },
        "Drecon.Environment.EpisodeLength.mean": {
            "value": 35.02517985611511,
            "min": 33.93356643356643,
            "max": 35.58974358974359,
            "count": 78
        },
        "Drecon.Environment.EpisodeLength.sum": {
            "value": 9737.0,
            "min": 3666.0,
            "max": 9750.0,
            "count": 78
        },
        "Drecon.Step.mean": {
            "value": 6559975.0,
            "min": 5789989.0,
            "max": 6559975.0,
            "count": 78
        },
        "Drecon.Step.sum": {
            "value": 6559975.0,
            "min": 5789989.0,
            "max": 6559975.0,
            "count": 78
        },
        "Drecon.Policy.ExtrinsicValueEstimate.mean": {
            "value": 3.4992763996124268,
            "min": 3.3992984294891357,
            "max": 3.9062469005584717,
            "count": 78
        },
        "Drecon.Policy.ExtrinsicValueEstimate.sum": {
            "value": 972.798828125,
            "min": 414.0621643066406,
            "max": 1091.8360595703125,
            "count": 78
        },
        "Drecon.Environment.CumulativeReward.mean": {
            "value": 10.843117430913363,
            "min": 10.531747891352726,
            "max": 11.44451791026532,
            "count": 78
        },
        "Drecon.Environment.CumulativeReward.sum": {
            "value": 3014.386645793915,
            "min": 1142.4549431800842,
            "max": 3170.1314611434937,
            "count": 78
        },
        "Drecon.Policy.ExtrinsicReward.mean": {
            "value": 10.843117430913363,
            "min": 10.531747891352726,
            "max": 11.44451791026532,
            "count": 78
        },
        "Drecon.Policy.ExtrinsicReward.sum": {
            "value": 3014.386645793915,
            "min": 1142.4549431800842,
            "max": 3170.1314611434937,
            "count": 78
        },
        "Drecon.IsTraining.mean": {
            "value": 1.0,
            "min": 1.0,
            "max": 1.0,
            "count": 78
        },
        "Drecon.IsTraining.sum": {
            "value": 1.0,
            "min": 1.0,
            "max": 1.0,
            "count": 78
        },
        "Drecon.Losses.PolicyLoss.mean": {
            "value": 0.03565199897081281,
            "min": 0.02533134346983085,
            "max": 0.04293436064617708,
            "count": 75
        },
        "Drecon.Losses.PolicyLoss.sum": {
            "value": 0.03565199897081281,
            "min": 0.02533134346983085,
            "max": 0.04293436064617708,
            "count": 75
        },
        "Drecon.Losses.ValueLoss.mean": {
            "value": 0.28538453578948975,
            "min": 0.2597840130329132,
            "max": 0.3741208642721176,
            "count": 75
        },
        "Drecon.Losses.ValueLoss.sum": {
            "value": 0.28538453578948975,
            "min": 0.2597840130329132,
            "max": 0.3741208642721176,
            "count": 75
        },
        "Drecon.Policy.LearningRate.mean": {
            "value": 0.00023444332185223326,
            "min": 0.00023444332185223326,
            "max": 0.00024203510932163666,
            "count": 75
        },
        "Drecon.Policy.LearningRate.sum": {
            "value": 0.00023444332185223326,
            "min": 0.00023444332185223326,
            "max": 0.00024203510932163666,
            "count": 75
        },
        "Drecon.Policy.Epsilon.mean": {
            "value": 0.1781477666666667,
            "min": 0.1781477666666667,
            "max": 0.18067836333333337,
            "count": 75
        },
        "Drecon.Policy.Epsilon.sum": {
            "value": 0.1781477666666667,
            "min": 0.1781477666666667,
            "max": 0.18067836333333337,
            "count": 75
        },
        "Drecon.Policy.Beta.mean": {
            "value": 0.003909573556666666,
            "min": 0.003909573556666666,
            "max": 0.004035850330333333,
            "count": 75
        },
        "Drecon.Policy.Beta.sum": {
            "value": 0.003909573556666666,
            "min": 0.003909573556666666,
            "max": 0.004035850330333333,
            "count": 75
        }
    },
    "metadata": {
        "timer_format_version": "0.1.0",
        "start_time_seconds": "1671236322",
        "python_version": "3.9.0 (tags/v3.9.0:9cf6752, Oct  5 2020, 15:34:40) [MSC v.1927 64 bit (AMD64)]",
        "command_line_arguments": "C:\\Users\\ali\\AppData\\Local\\Programs\\Python\\Python39\\Scripts\\mlagents-learn Assets\\config\\Drecon_low_gamma.yaml --run-id=new_maximum_fixed_update_run_v1 --resume",
        "mlagents_version": "0.28.0",
        "mlagents_envs_version": "0.28.0",
        "communication_protocol_version": "1.5.0",
        "pytorch_version": "1.7.1+cu110",
        "numpy_version": "1.23.4",
        "end_time_seconds": "1671247197"
    },
    "total": 10875.079744800001,
    "count": 1,
    "self": 0.004569600001559593,
    "children": {
        "run_training.setup": {
            "total": 0.05098020000000003,
            "count": 1,
            "self": 0.05098020000000003
        },
        "TrainerController.start_learning": {
            "total": 10875.024195,
            "count": 1,
            "self": 15.234714700065524,
            "children": {
                "TrainerController._reset_env": {
                    "total": 12.5699391,
                    "count": 1,
                    "self": 12.5699391
                },
                "TrainerController.advance": {
                    "total": 10847.182981599934,
                    "count": 779557,
                    "self": 12.93677149987343,
                    "children": {
                        "env_step": {
                            "total": 10436.953649899651,
                            "count": 779557,
                            "self": 6814.15181579973,
                            "children": {
                                "SubprocessEnvManager._take_step": {
                                    "total": 3614.0338344999554,
                                    "count": 779557,
                                    "self": 53.94239969983664,
                                    "children": {
                                        "TorchPolicy.evaluate": {
                                            "total": 3560.091434800119,
                                            "count": 779557,
                                            "self": 2805.613946899347,
                                            "children": {
                                                "TorchPolicy.sample_actions": {
                                                    "total": 754.4774879007718,
                                                    "count": 779557,
                                                    "self": 754.4774879007718
                                                }
                                            }
                                        }
                                    }
                                },
                                "workers": {
                                    "total": 8.767999599966284,
                                    "count": 779556,
                                    "self": 0.0,
                                    "children": {
                                        "worker_root": {
                                            "total": 10774.503256000102,
                                            "count": 779556,